id,name,age,gender,email,location,latitude,longitude
1,Sib,35,Female,salfonsini0@flickr.com,"AURANGABAD COMMR, MAHARASHTRA",19.873954,75.32778
2,Mollie,18,Female,mtumini1@yahoo.co.jp,"KASARGOD, KERALA",12.53505,74.99951999999999
3,Sadye,36,Female,sbatecok2@nsw.gov.au,"HIMATNAGAR, GUJARAT",23.5584,72.7574
4,Wade,53,Male,wchasemoore3@google.com.hk,"LEH, JAMMU & KASHMIR",32.71767,74.87053
5,Tonie,41,Female,tgeratt4@about.me,"NOWRANGPUR, ODISHA",-37.0897,-56.83919
6,Freida,38,Female,ftissell5@forbes.com,"KARIMGANJ, ASSAM",24.7592,92.50924
7,Zabrina,45,Female,zvoak6@elegantthemes.com,"KATIHAR, BIHAR",25.543382,87.56904200000001
8,Vaughn,39,Male,veffaunt7@soup.io,"KARBI ANGLONG, ASSAM",25.8602,92.589638
9,Sonnie,37,Female,shuyche8@nbcnews.com,"SOUTH WEST, DELHI UT",31.714264,-91.065234
10,Carny,48,Male,cmullen9@nifty.com,"SHAHDOL, MADHYA PRADESH",23.300234,81.36477099999999
11,Orin,54,Male,ogettena@rambler.ru,"RAIGARH, CHHATTISGARH",21.9841,83.12652
12,Margie,18,Female,mthoumassonb@nba.com,"BAHRAICH, UTTAR PRADESH",27.6863,80.88058000000001
13,Faye,51,Female,fluceyc@statcounter.com,"KAMRUP, ASSAM",26.16422,91.71563
14,Meredeth,32,Male,mtuillerd@dailymail.co.uk,"SIANG EAST, ARUNACHAL PRADESH",28.00715,95.15934
15,Jere,31,Female,jbotleye@amazon.de,"DHAMTARI, CHHATTISGARH",20.7342,81.53572
16,Rubin,43,Male,rmcgrortyf@bbc.co.uk,"MAHENDRAGARH, HARYANA",28.225920000000002,76.54411999999999
17,Lucien,40,Male,lixerg@nbcnews.com,"THIRUVARUR, TAMIL NADU",11.097142,77.349205
18,Bengt,41,Male,bilberth@ycombinator.com,"KATIHAR, BIHAR",25.543382,87.56904200000001
19,Marty,43,Female,mduesberryi@statcounter.com,"VAISHALI, BIHAR",25.937820000000002,85.1459
20,Minnnie,32,Female,mmammattj@nps.gov,"MYSORE RURAL, KARNATAKA",12.55306,77.40616999999999
21,Glenine,45,Female,gspilisyk@huffingtonpost.com,"NICOBAR, A & N ISLANDS",25.80367,55.96998000000001
22,Edmon,44,Male,elomasneyl@thetimes.co.uk,"KORIYA, CHHATTISGARH",23.1801,82.37453000000001
23,Amanda,39,Female,alejeunem@epa.gov,"SUBANSIRI UPPER, ARUNACHAL PRADESH",27.643989,94.240939
24,Fannie,35,Female,fcallfn@virginia.edu,"NAGPUR COMMR, MAHARASHTRA",21.149804,79.080609
25,Ketti,14,Female,kbredgelando@weebly.com,"BALRAMPUR, CHHATTISGARH",23.61169,83.60991999999999
26,Brig,13,Male,bpennickp@people.com.cn,"NAVI MUMBAI, MAHARASHTRA",19.137970000000003,73.05019
27,Basia,49,Female,btameq@sohu.com,"HARDA, MADHYA PRADESH",22.33602,77.09053
28,Rollie,32,Male,rkirtleyr@oaic.gov.au,"HOWRAH, WEST BENGAL",22.59938,88.31656
29,Roxy,23,Female,rshrimplings@hatena.ne.jp,"IMPHAL(WEST), MANIPUR",24.7465,93.8741
30,Dewey,55,Male,dchawnert@fotki.com,"KHAGARIA, BIHAR",25.700129999999998,85.88939
31,Phedra,37,Female,phinckesmanu@youku.com,"CHHATARPUR, MADHYA PRADESH",24.90396,79.58608000000001
32,Lori,46,Female,lcouserv@purevolume.com,"BALAGHAT, MADHYA PRADESH",21.86206,80.27175
33,Gianna,54,Female,geppsonw@china.com.cn,"BUXAR, BIHAR",25.55433,83.96799
34,Ilene,40,Female,ikennawayx@de.vu,"BHOPAL, MADHYA PRADESH",23.260663,77.39406
35,Omero,35,Male,onayshey@multiply.com,"NEW DELHI, DELHI UT",14.32351,120.95263
36,Rea,15,Female,rcoweyz@slideshare.net,"RANGA REDDY, ANDHRA PRADESH",17.501381,78.508499
37,Obadias,39,Male,oblackaller10@blogs.com,"AURANGABAD RURAL, MAHARASHTRA",19.873954,75.32778
38,Shayla,12,Female,sdegliabbati11@nyu.edu,"BHANDARA, MAHARASHTRA",21.19154,79.66253
39,Lazar,19,Male,lreville12@godaddy.com,"KOLLAM, KERALA",8.887094,76.590684
40,Abbie,17,Female,alewisham13@wufoo.com,"CUDDALORE, TAMIL NADU",11.74685,79.74122
41,Haley,48,Female,helleton14@fc2.com,"NORTH GOA, GOA",15.47378,73.87071
42,Letty,44,Female,lbrigstock15@prnewswire.com,"ARARIA, BIHAR",25.23216,86.95803000000001
43,Jeralee,47,Female,jtoderi16@illinois.edu,"THOUBAL, MANIPUR",24.6485,93.9927
44,Den,56,Male,dtunkin17@wordpress.com,"PALAMU, JHARKHAND",23.981377,84.227788
45,Arvin,12,Male,aallbut18@reuters.com,"GAYA, BIHAR",24.85124,85.4713
46,Barris,27,Male,bmullane19@google.com.au,"EAST, SIKKIM",27.342440000000003,88.64121
47,Kalli,50,Female,kiacomelli1a@imdb.com,"IMPHAL(WEST), MANIPUR",24.7465,93.8741
48,Edik,33,Male,ebradbeer1b@blogs.com,"GARO HILLS EAST, MEGHALAYA",25.5,90.5
49,Reinold,47,Male,rsimek1c@cdc.gov,"NANDED, MAHARASHTRA",19.1595,77.3109
50,Kev,34,Male,kreymers1d@slate.com,"BIDAR, KARNATAKA",17.914259,77.52453299999999
51,Kayne,30,Male,klydden1e@wordpress.com,"SIANG UPPER, ARUNACHAL PRADESH",28.720025,95.07183
52,Jodi,29,Male,jgerraty1f@delicious.com,"BANKA, BIHAR",24.91797,86.89891
53,Cordelia,46,Female,ccaswall1g@hp.com,"BARPETA, ASSAM",26.18327,91.69619
54,Pammi,50,Female,pweems1h@dot.gov,"BARPETA, ASSAM",26.18327,91.69619
55,Erik,13,Male,ejerrolt1i@google.ru,"UMARIYA, MADHYA PRADESH",23.547320000000003,80.828
56,Sibel,22,Female,smeigh1j@mit.edu,"KANYAKUMARI, TAMIL NADU",12.958110000000001,80.172653
57,Roberto,27,Male,rcrampton1k@cornell.edu,"DATIYA, MADHYA PRADESH",26.16574,78.32567
58,Cari,16,Female,coldmeadow1l@fastcompany.com,"PATNA, BIHAR",25.22255,85.50275
59,Ivar,35,Male,ihonack1m@weibo.com,"WEST, DELHI UT",41.060299,-111.9981
60,Aurore,37,Female,astockley1n@ebay.com,"AHMEDABAD RURAL, GUJARAT",23.021624,72.579707
61,Wenda,50,Female,wcomber1o@ocn.ne.jp,"HIMATNAGAR, GUJARAT",23.5584,72.7574
62,Amery,21,Male,asimonaitis1p@indiegogo.com,"RANGA REDDY, ANDHRA PRADESH",17.501381,78.508499
63,Anni,60,Female,apandya1q@phoca.cz,"MAHABOOBNAGAR, ANDHRA PRADESH",29.484731,-98.41161600000001
64,Rafael,59,Male,rbriscoe1s@springer.com,"LOHARDAGGA, JHARKHAND",26.913909999999998,75.75534
65,Homere,52,Male,hcrowth1t@senate.gov,"LUCKNOW, UTTAR PRADESH",26.28265,81.20996
66,Tamarra,24,Female,tcorton1u@cdc.gov,"TARN TARAN, PUNJAB",31.50037,74.95985
67,Morna,44,Female,mbrooks1v@blogtalkradio.com,"GUNTAKAL RLY., ANDHRA PRADESH",15.161679999999999,77.37832
68,Annabelle,40,Female,amarlow1w@sfgate.com,"HAILAKANDI, ASSAM",24.67846,92.73034
69,Alia,44,Female,achrichton1x@disqus.com,"VISAKHA RURAL, ANDHRA PRADESH",37.60229,-96.035319
70,Bran,37,Male,bsetchell1y@acquirethisname.com,"DURG, CHHATTISGARH",21.18562,81.2802
71,Ruby,15,Male,rbensusan1z@squarespace.com,"PANIPAT, HARYANA",29.391275,76.977168
72,Marcie,31,Female,mferenc20@usatoday.com,"KANCHIPURAM, TAMIL NADU",12.835318,79.704983
73,Eward,48,Male,ecurtin21@posterous.com,"BAGAHA, BIHAR",26.8063,84.50465
74,Mort,42,Male,mblackesland22@example.com,"SOUTH WEST, DELHI UT",31.714264,-91.065234
75,Susy,29,Female,syandell23@techcrunch.com,"CHENGAI, TAMIL NADU",12.98958,80.25274
76,Stanley,60,Male,sranyell24@oaic.gov.au,"ROHTAS, BIHAR",24.62442,83.9179
77,Marcela,17,Female,mmynett25@flavors.me,"CHITTOOR, ANDHRA PRADESH",13.178420000000001,79.09536999999999
78,Archie,47,Male,acarlyon26@naver.com,"KHASI HILLS EAST, MEGHALAYA",26.10759,91.82195
79,Marquita,19,Female,mdoring27@salon.com,"ALLAHABAD, UTTAR PRADESH",25.438129999999997,81.833801
80,Kerrie,20,Female,kfitchett28@hexun.com,"NORTH, TRIPURA",28.632655,80.693497
81,Roanne,13,Female,rsquires29@earthlink.net,"KATIHAR, BIHAR",25.543382,87.56904200000001
82,Leonie,20,Female,lelleyne2a@prlog.org,"HISSAR, HARYANA",28.9052,76.51804
83,Shaun,28,Male,sheersema2b@sciencedirect.com,"HINGOLI, MAHARASHTRA",19.1962,77.34135
84,Gasparo,27,Male,gmaudling2c@instagram.com,"THIRUVALLUR, TAMIL NADU",13.01825,80.246223
85,Bayard,52,Male,bprevett2d@mlb.com,"KOTTAYAM, KERALA",9.3593,76.69543
86,Lanae,14,Female,lentres2e@go.com,"WEST, TRIPURA",23.916667,91.5
87,Mitchael,15,Male,mpawson2f@trellian.com,"SITAMARHI, BIHAR",26.33243,85.36077
88,Damara,18,Female,drist2g@si.edu,"LATUR, MAHARASHTRA",18.398339,76.562087
89,Jeanine,14,Female,jbisacre2h@prlog.org,"BULANDSHAHAR, UTTAR PRADESH",28.645840000000003,77.46599
90,Courtnay,13,Female,ccromett2i@cdbaby.com,"PAPUM PARE, ARUNACHAL PRADESH",27.284315000000003,93.61156
91,Arleta,38,Female,atrowl2j@washington.edu,"SIANG UPPER, ARUNACHAL PRADESH",28.720025,95.07183
92,Susi,31,Female,sbailles2k@reverbnation.com,"HINGOLI, MAHARASHTRA",19.1962,77.34135
93,Maressa,20,Female,mannies2l@indiatimes.com,"BARWANI, MADHYA PRADESH",22.051560000000002,75.12243000000001
94,Wolfgang,46,Male,wszymonowicz2m@privacy.gov.au,"NUAPADA, ODISHA",20.807779999999998,82.5341
95,Lina,19,Female,lcarrington2n@tinypic.com,"BIJAPUR, KARNATAKA",16.826925,75.720105
96,Dermot,12,Male,dpardy2o@paginegialle.it,"MAHARAJGANJ, UTTAR PRADESH",26.25563,81.23401
97,Christen,29,Female,cleisman2p@ihg.com,"DANTEWARA, CHHATTISGARH",21.26685,82.04127
98,Codee,55,Female,cteresi2q@hubpages.com,"DARJEELING, WEST BENGAL",26.83029,88.3291
99,Willi,30,Male,wmarwood2r@istockphoto.com,"JAMALPUR RLY., BIHAR",25.35013,86.4844
100,Standford,60,Male,spridham2s@taobao.com,"N.C.HILLS, ASSAM",26.620070000000002,92.78014
101,Deck,56,Male,dfleay2t@geocities.com,"PURNEA, BIHAR",25.778519,87.478401
102,Earvin,44,Male,esteel2u@google.cn,"TIRAP, ARUNACHAL PRADESH",26.961625,95.432609
103,Cosimo,56,Male,cgroome2v@mit.edu,"RAIGARH, CHHATTISGARH",21.9841,83.12652
104,Brod,48,Male,brising2w@dell.com,"AHMEDABAD COMMR, GUJARAT",23.021624,72.579707
105,Rozalin,47,Female,rfrankel2x@netscape.com,"NAWADAH, BIHAR",24.62953,85.91042
106,Amara,52,Female,aplaster2y@list-manage.com,"RATNAGIRI, MAHARASHTRA",16.990070000000003,73.31905
107,Cirstoforo,12,Male,cvasin2z@state.tx.us,"AHMEDABAD COMMR, GUJARAT",23.021624,72.579707
108,Sammy,16,Female,spelos30@shinystat.com,"MEDAK, ANDHRA PRADESH",17.23874,78.47707
109,Jerrine,19,Female,jdinwoodie31@cam.ac.uk,"GHAZIABAD, UTTAR PRADESH",28.671153000000004,77.412036
110,Banky,16,Male,banwyl32@wired.com,"HAMIRPUR, UTTAR PRADESH",26.39815,80.31347
111,Darn,54,Male,dseery33@friendfeed.com,"MOKOKCHUNG, NAGALAND",25.707079999999998,94.0908
112,Selig,57,Male,sfeldheim34@mapy.cz,"NAGPUR COMMR, MAHARASHTRA",21.149804,79.080609
113,Kitty,60,Female,kridd35@webeden.co.uk,"KHARGON, MADHYA PRADESH",21.9863,75.86771999999999
114,Eustacia,20,Female,equested36@bbc.co.uk,"DEOGARH, ODISHA",21.530811,84.724582
115,Tiffi,14,Female,tprobets37@moonfruit.com,"KAWARDHA, CHHATTISGARH",21.60809,81.06121
116,Gustavo,32,Male,gbienvenu38@com.com,"DUNGARPUR, RAJASTHAN",23.8483,73.7215
117,Jessi,42,Female,jickovitz39@aol.com,"DAMAN, DAMAN & DIU",20.41092,72.86157
118,Harley,18,Female,hslyford3a@netvibes.com,"GAYA, BIHAR",24.85124,85.4713
119,Bibbye,54,Female,bscading3b@ftc.gov,"THIRUNELVELI RURAL, TAMIL NADU",8.72879,77.70458
120,Benita,24,Female,brusling3c@chronoengine.com,"MOGA, PUNJAB",30.822340999999998,75.173097
121,Halimeda,14,Female,hhanbury3d@berkeley.edu,"DIBRUGARH, ASSAM",27.478070000000002,94.90115
122,Evonne,26,Female,evaune3e@squidoo.com,"GANDERBAL, JAMMU & KASHMIR",34.14528,74.80224
123,Marcelo,36,Male,mlafford3f@archive.org,"I.G.I. AIRPORT, DELHI UT",32.41305,-91.49337
124,Ilene,42,Female,irignold3g@deliciousdays.com,"DIMAPUR, NAGALAND",25.88247,93.77436999999999
125,Katherina,35,Female,kquinevan3h@fema.gov,"WEST, SIKKIM",52.197448,21.013323
126,Ibby,57,Female,ivongladbach3i@creativecommons.org,"REASI, JAMMU & KASHMIR",33.04493,74.60604000000001
127,Simona,20,Female,savramov3j@unicef.org,"BHARUCH, GUJARAT",21.72358,72.99519000000001
128,Gail,44,Male,gorrick3k@spiegel.de,"SUNDARGARH, ODISHA",22.1194,84.0381
129,Lilllie,17,Female,lnequest3l@theatlantic.com,"RAIPUR, CHHATTISGARH",21.237947,81.63368299999999
130,Bailie,40,Male,bcreus3m@archive.org,"ANAND, GUJARAT",22.5632,72.96028000000001
131,Eugenia,19,Female,ethorold3n@dailymail.co.uk,"JHARSUGUDA, ODISHA",21.98095,84.20894
132,Ryann,32,Female,rbraghini3o@google.com.hk,"LAHAUL-SPITI, HIMACHAL PRADESH",17.686970000000002,83.22075
133,Tyrone,46,Male,tcostall3p@yelp.com,"HOSHANGABAD, MADHYA PRADESH",22.75011,77.7188
134,Conrad,40,Male,cstroband3q@php.net,"SIBSAGAR, ASSAM",26.9893,94.6397
135,Warden,55,Male,wreadett3r@seesaa.net,"PALANPUR, GUJARAT",21.209220000000002,72.78151
136,Hamil,26,Male,hsmout3s@disqus.com,"CUDDAPAH, ANDHRA PRADESH",14.67425,78.42031999999999
137,Bryce,43,Male,bdaughton3t@indiegogo.com,"SALEM RURAL, TAMIL NADU",11.12406,77.19405
138,Elihu,60,Male,egibben3u@mac.com,"N.C.HILLS, ASSAM",26.620070000000002,92.78014
139,Norrie,49,Male,nmccrea3v@ucoz.com,"DHUBRI, ASSAM",26.0227,89.9784
140,Leese,18,Female,lnode3w@wiley.com,"RI-BHOI, MEGHALAYA",25.891644,91.852693
141,Bat,31,Male,bblinman3x@sogou.com,"KANNAUJ, UTTAR PRADESH",27.0564,79.9184
142,Lorenza,28,Female,lwikey3y@skyrock.com,"NAGPUR RLY., MAHARASHTRA",21.149804,79.080609
143,Shelba,20,Female,sedgell3z@hatena.ne.jp,"UDAIPUR, RAJASTHAN",24.596770000000003,73.7852
144,Victoria,22,Female,vpowney40@wikispaces.com,"SHEOPUR, MADHYA PRADESH",25.551170000000003,76.64634000000001
145,Melicent,42,Female,mlamburne41@acquirethisname.com,"THOUBAL, MANIPUR",24.6485,93.9927
146,Valentijn,51,Male,vfairbairn42@aol.com,"EAST, SIKKIM",27.342440000000003,88.64121
147,Junette,28,Female,jmacek43@hao123.com,"JEHANABAD, BIHAR",25.222170000000002,84.98561
148,Rudd,58,Male,rreaper44@prweb.com,"SHEOHAR, BIHAR",26.464440000000003,85.1722
149,Harlin,31,Male,hmulberry45@theguardian.com,"TAWANG, ARUNACHAL PRADESH",27.570859999999996,91.78889000000001
150,Rainer,40,Male,rjosling46@mtv.com,"RAIGARH, CHHATTISGARH",21.9841,83.12652
151,Armando,48,Male,adelaci47@amazon.com,"BARPETA, ASSAM",26.18327,91.69619
152,Adriaens,50,Female,astaley48@sohu.com,"BALAGHAT, MADHYA PRADESH",21.86206,80.27175
153,Berti,43,Female,bkelshaw49@nbcnews.com,"CUDDAPAH, ANDHRA PRADESH",14.67425,78.42031999999999
154,Corri,39,Female,clethcoe4a@parallels.com,"SIROHI, RAJASTHAN",27.22345,75.91849
155,Rorie,29,Female,rmcdunlevy4b@bloglovin.com,"SITAPUR, UTTAR PRADESH",27.561557,80.68400799999999
156,Evvie,26,Female,ecraghead4c@mashable.com,"ETAWAH, UTTAR PRADESH",27.0367,79.26709
157,Jameson,55,Male,jmcinteer4d@cbsnews.com,"BONGAIGAON, ASSAM",26.41375,90.58664
158,Dennie,27,Female,dcrampsey4e@cbc.ca,"GRP RAIPUR, CHHATTISGARH",30.548247999999997,-92.086016
159,Brooks,55,Male,bmatyashev4f@baidu.com,"JAMNAGAR, GUJARAT",23.0969,70.7757
160,Gradeigh,26,Male,ghrinchenko4g@google.es,"PUNE RURAL, MAHARASHTRA",18.5415,73.82151
161,Rickie,34,Male,rurch4h@ihg.com,"CHICKMAGALUR, KARNATAKA",16.54006,80.64005999999999
162,Merwyn,21,Male,mtreharne4i@ustream.tv,"BHIWANI, HARYANA",28.80841,76.1102
163,Annamarie,55,Female,abalmforth4j@1und1.de,"ERODE, TAMIL NADU",10.510729,78.060022
164,Hailee,27,Female,hbeeswing4k@bravesites.com,"JANJGIR, CHHATTISGARH",22.011470000000003,82.5755
165,Aurlie,13,Female,asaller4l@themeforest.net,"NAGAUR, RAJASTHAN",26.344540000000002,73.0627
166,Harmon,19,Male,hbembrick4m@addtoany.com,"BARNALA, PUNJAB",30.4113,75.53478
167,Neron,29,Male,njugging4n@t.co,"KOKRAJHAR, ASSAM",26.397009999999998,90.26366
168,Doyle,54,Male,dcrippen4o@prnewswire.com,"ANAND, GUJARAT",22.5632,72.96028000000001
169,Samuele,51,Male,skemp4p@plala.or.jp,"DHARWAD RURAL, KARNATAKA",15.45849,75.00747
170,Elana,34,Female,eready4q@harvard.edu,"HASSAN, KARNATAKA",12.98865,76.07087
171,Christoph,49,Male,cleprovost4r@tuttocitta.it,"BARABANKI, UTTAR PRADESH",26.92956,81.22225
172,Kerri,39,Female,kmantripp4s@va.gov,"HAMIRPUR, HIMACHAL PRADESH",31.6864,76.5214
173,Carlyn,42,Female,ckeough4t@paginegialle.it,"SURENDRANAGAR, GUJARAT",22.73522,71.63790999999999
174,Carly,49,Male,cgiles4u@businessweek.com,"MUKTSAR, PUNJAB",30.4692,74.5182
175,Eugenie,19,Female,edoughill4v@google.co.uk,"ADILABAD, ANDHRA PRADESH",17.23874,78.47707
176,Thomasa,23,Female,tbeesley4w@cyberchimps.com,"GUNTAKAL RLY., ANDHRA PRADESH",15.161679999999999,77.37832
177,Tan,40,Male,trobben4x@tripod.com,"MAU, UTTAR PRADESH",25.97482,83.57464
178,Creight,20,Male,challard4y@feedburner.com,"KANDHAMAL, ODISHA",20.128953,84.072102
179,Ninon,53,Female,nlear4z@infoseek.co.jp,"BIZAPUR, CHHATTISGARH",21.26685,82.04127
180,Mitchel,15,Male,mfridlington50@ihg.com,"MEDAK, ANDHRA PRADESH",17.23874,78.47707
181,Townsend,14,Male,tzoppie51@examiner.com,"SECUNDERABAD RLY., ANDHRA PRADESH",17.23874,78.47707
182,Siegfried,33,Male,shanscombe52@arstechnica.com,"NALANDA, BIHAR",25.1965,85.50981999999999
183,Siobhan,46,Female,sdoog53@aboutads.info,"DIMAPUR, NAGALAND",25.88247,93.77436999999999
184,Alis,41,Female,afaulks54@t.co,"GUNA, MADHYA PRADESH",24.64798,77.3225
185,Emmett,49,Male,efawks55@1688.com,"BAGAHA, BIHAR",26.8063,84.50465
186,Fanny,47,Female,flinke56@shutterfly.com,"SRP(ROURKELA), ODISHA",22.232129999999998,84.80313000000001
187,Karina,46,Female,kdibley57@meetup.com,"GOLAGHAT, ASSAM",26.5094,93.9621
188,Solomon,33,Male,serangy58@wisc.edu,"DHANBAD RLY., JHARKHAND",23.67868,86.20914
189,Tracy,17,Male,tschukert59@163.com,"POONCH, JAMMU & KASHMIR",32.752629999999996,74.81375
190,Fernandina,58,Female,fkubala5a@opensource.org,"MAYURBHANJ, ODISHA",21.923926,86.394368
191,Chaunce,41,Male,cforo5b@scientificamerican.com,"KINNAUR, HIMACHAL PRADESH",31.586346000000002,78.39684399999999
192,Nels,55,Male,noconor5c@washingtonpost.com,"JASHPUR, CHHATTISGARH",22.8773,84.1372
193,Rollins,58,Male,rcornes5d@nymag.com,"GADCHIROLI, MAHARASHTRA",20.18842,79.9995
194,Maia,23,Female,mdimock5e@hibu.com,"JALPAIGURI, WEST BENGAL",26.524299,88.720022
195,Raf,37,Female,rdowry5f@msu.edu,"GURGAON, HARYANA",28.464615000000002,77.02991899999999
196,Barrett,23,Male,bhawkshaw5g@illinois.edu,"NARMADA, GUJARAT",23.01255,72.51042
197,Salaidh,50,Female,sable5h@psu.edu,"PATNA RLY., BIHAR",25.22255,85.50275
198,Hernando,26,Male,holdale5i@vinaora.com,"HAMIRPUR, UTTAR PRADESH",26.39815,80.31347
199,Amanda,44,Female,aparffrey5j@weebly.com,"GOLAGHAT, ASSAM",26.5094,93.9621
200,Skipton,32,Male,srocco5k@alibaba.com,"KHURDA, ODISHA",20.51309,84.42992
201,Dareen,16,Female,druckledge5l@uiuc.edu,"JAGATSINGHPUR, ODISHA",20.04251,86.13795999999999
202,Nealon,35,Male,nhaestier5m@usnews.com,"RAMNATHAPURAM, TAMIL NADU",41.726595,-74.387905
203,Elysia,25,Female,enappin5n@trellian.com,"SALEM URBAN, TAMIL NADU",11.66134,78.13535999999999
204,Derril,23,Male,dolander5o@yelp.com,"PUNE COMMR, MAHARASHTRA",18.1374,75.7301
205,Christal,53,Female,cmoughton5p@harvard.edu,"BANKA, BIHAR",24.91797,86.89891
206,Else,35,Female,eellerey5q@gnu.org,"BISHNUPUR, MANIPUR",24.6281,93.7627
207,Cordula,12,Female,cbrownlie5r@technorati.com,"DIBANG VALLEY, ARUNACHAL PRADESH",28.7,95.7
208,Kaila,24,Female,kgreenside5s@rambler.ru,"CACHAR, ASSAM",24.756991,92.881511
209,Neila,22,Female,nlivermore5t@hugedomains.com,"KURNOOL, ANDHRA PRADESH",15.830925,78.042537
210,Rafa,20,Female,rinnot5u@icq.com,"PATIALA, PUNJAB",30.335729999999998,76.40686
211,Amitie,38,Female,alenormand5v@mozilla.com,"SRP(ROURKELA), ODISHA",22.232129999999998,84.80313000000001
212,Denni,15,Female,dmcevay5w@ihg.com,"R.P.O., ASSAM",51.51535,-0.06834
213,Wright,44,Male,wdoiley5x@odnoklassniki.ru,"KISHANGANJ, BIHAR",26.101419,87.950779
214,Johannes,46,Male,jreiach5y@tripadvisor.com,"G.R.P., ASSAM",44.516527,-64.548099
215,Lisbeth,35,Female,lpaolone5z@drupal.org,"DARBHANGA, BIHAR",26.156270000000003,85.89411
216,Kingsley,12,Male,khandslip60@devhub.com,"BELLARY, KARNATAKA",13.166557000000001,75.86340600000001
217,Gianina,50,Female,glaughren61@toplist.cz,"SULTANPUR, UTTAR PRADESH",26.09744,81.64863000000001
218,Gerrilee,19,Female,gwetter62@sciencedirect.com,"BETUL, MADHYA PRADESH",22.1199,78.27485
219,Gaylor,25,Male,ggrigoryov63@a8.net,"TUENSANG, NAGALAND",26.234090000000002,94.81154000000001
220,Amil,47,Female,aizhaky64@hp.com,"BANKURA, WEST BENGAL",23.38809,86.83991
221,Jocelin,44,Female,jgauvain65@cam.ac.uk,"WASHIM, MAHARASHTRA",20.14695,77.09186
222,Natal,23,Male,ncompford66@princeton.edu,"LAKHIMPUR, ASSAM",27.25207,94.0832
223,Milt,51,Male,mcheavin67@wp.com,"AURAIYA, UTTAR PRADESH",26.660690000000002,79.17701
224,Kippie,59,Female,kchurchlow68@mayoclinic.com,"SAHARSA, BIHAR",25.87445,86.61204000000001
225,Erika,52,Female,emucci69@icio.us,"GAUTAMBUDH NAGAR, UTTAR PRADESH",28.323490000000003,77.5965
226,Cassondra,17,Female,ccogley6a@marketwatch.com,"JALNA, MAHARASHTRA",19.840916,75.882487
227,Gladi,31,Female,geslie6b@chicagotribune.com,"CHAMOLI, UTTARAKHAND",30.4036,79.3309
228,Rakel,46,Female,rbartosik6c@mozilla.com,"SANGRUR, PUNJAB",30.243201000000003,75.835812
229,Robinett,56,Female,rbrownsea6d@state.tx.us,"COIMBATORE URBAN, TAMIL NADU",11.001812,76.962843
230,Marget,57,Female,mmertel6e@smugmug.com,"GARO HILLS SOUTH, MEGHALAYA",25.5,90.5
231,Morgen,32,Female,mdibley6f@t-online.de,"PHEK, NAGALAND",25.6645,94.4696
232,Karola,50,Female,kelfleet6g@msu.edu,"BHABHUA, BIHAR",25.0397,83.6123
233,Finlay,51,Male,fmayhou6h@google.co.jp,"KANKER, CHHATTISGARH",20.269275,81.493211
234,Allister,39,Male,athorneley6i@columbia.edu,"PORBANDAR, GUJARAT",21.89171,70.71941
235,Carol-jean,16,Female,cpude6j@nationalgeographic.com,"DINDIGUL, TAMIL NADU",10.365545,77.969573
236,Tisha,20,Female,tratledge6k@ebay.com,"HAILAKANDI, ASSAM",24.67846,92.73034
237,Guido,38,Male,gsweetsur6l@paypal.com,"PORBANDAR, GUJARAT",21.89171,70.71941
238,Concettina,27,Female,chogbin6m@merriam-webster.com,"HAMIRPUR, UTTAR PRADESH",26.39815,80.31347
239,Allister,28,Male,awelch6n@nifty.com,"CHAIBASA, JHARKHAND",22.550629999999998,85.81048
240,Theodora,36,Female,twards6o@umn.edu,"GAYA, BIHAR",24.85124,85.4713
241,Elbertine,34,Female,efyers6p@unicef.org,"CHATRA, JHARKHAND",23.98235,85.35061999999999
242,Les,23,Male,ldymick6q@guardian.co.uk,"BORDER, JAMMU & KASHMIR",32.71767,74.87053
243,Fair,47,Male,frawcliff6r@aboutads.info,"VISAKHAPATNAM, ANDHRA PRADESH",17.723128,83.301284
244,Any,17,Male,astanley6s@vinaora.com,"MOTIHARI, BIHAR",26.658540000000002,84.91605
245,Glenden,12,Male,gkenderdine6t@symantec.com,"GODDA, JHARKHAND",24.77659,87.47111
246,Cindelyn,49,Female,csams6u@springer.com,"KHAMMAM, ANDHRA PRADESH",17.23874,78.47707
247,Alain,57,Male,ahassin6v@myspace.com,"KRISHNA, ANDHRA PRADESH",13.64606,79.41546
248,Brenden,14,Male,bpollock6w@wikimedia.org,"TUMKUR, KARNATAKA",13.340076999999999,77.10062099999999
249,Locke,19,Male,lmackley6x@craigslist.org,"BANGALORE RURAL, KARNATAKA",13.08795,77.37575
250,Janith,58,Female,jbeddoe6y@google.de,"JAISALMER, RAJASTHAN",27.17316,70.72269
251,Frans,52,Male,fhoyle6z@list-manage.com,"GORAKHPUR, UTTAR PRADESH",26.760021999999996,83.366813
252,Gusella,22,Female,gveldens70@ihg.com,"MOKOKCHUNG, NAGALAND",25.707079999999998,94.0908
253,Camala,46,Female,civanyushin71@dailymotion.com,"DHANBAD RLY., JHARKHAND",23.67868,86.20914
254,Myrtice,46,Female,madrienne72@illinois.edu,"NALBARI, ASSAM",26.4458,91.4384
255,Udale,58,Male,uandover73@businessweek.com,"NIZAMABAD, ANDHRA PRADESH",17.23874,78.47707
256,Gothart,37,Male,gspurdens74@360.cn,"SAMASTIPUR, BIHAR",25.8598,85.7866
257,Jecho,29,Male,jstarmont75@un.org,"FATEHGARH, UTTAR PRADESH",26.431459999999998,80.29281999999999
258,Lazar,58,Male,lcanto76@nsw.gov.au,"BHOJPUR, BIHAR",25.457898,84.55573199999999
259,Odelia,60,Female,okohter77@github.io,"DEOGARH, ODISHA",21.530811,84.724582
260,Noble,32,Male,nwarke78@unblog.fr,"SIBSAGAR, ASSAM",26.9893,94.6397
261,Kaia,56,Female,kblackler79@goodreads.com,"SITAMARHI, BIHAR",26.33243,85.36077
262,Lynea,41,Female,lkinvan7a@dailymail.co.uk,"KATIHAR, BIHAR",25.543382,87.56904200000001
263,Muire,47,Female,mtwitchett7b@techcrunch.com,"LUNGLEI, MIZORAM",22.91189,92.75539
264,Sheffield,19,Male,sgayne7c@mit.edu,"DIBANG VALLEY, ARUNACHAL PRADESH",28.7,95.7
265,Evin,50,Male,eenser7d@biblegateway.com,"MEERUT, UTTAR PRADESH",28.979190000000003,77.69819
266,Adrian,34,Male,abrookes7e@jiathis.com,"ALWAR, RAJASTHAN",27.57218,76.61403
267,Tammy,17,Female,tcaro7f@adobe.com,"BHOJPUR, BIHAR",25.457898,84.55573199999999
268,Nicki,14,Female,npenright7g@noaa.gov,"GARHWA, JHARKHAND",24.04617,84.05856999999999
269,Feliza,44,Female,folijve7h@ow.ly,"JODHPUR, RAJASTHAN",26.29893,73.0334
270,Amara,16,Female,atickner7i@mail.ru,"KOPPAL, KARNATAKA",15.348414000000002,76.154742
271,Falito,47,Male,fnoni7j@ed.gov,"KANNUR, KERALA",11.127134,75.8954
272,Beckie,30,Female,bdunstone7k@apple.com,"SONEPUR, ODISHA",20.845385999999998,83.909083
273,Ted,49,Male,tlawlings7l@4shared.com,"COOCHBEHAR, WEST BENGAL",26.29385,89.38473
274,Kaylil,52,Female,kdecaze7m@behance.net,"VIJAYAWADA, ANDHRA PRADESH",16.505329999999997,80.66121
275,King,50,Male,khearfield7n@loc.gov,"EAST GODAVARI, ANDHRA PRADESH",16.95918,82.23544
276,Othilia,44,Female,odanilevich7o@yandex.ru,"TIKAMGARH, MADHYA PRADESH",24.785320000000002,78.94971
277,Appolonia,42,Female,amccumskay7p@marketwatch.com,"TARN TARAN, PUNJAB",31.50037,74.95985
278,Kimberlee,20,Female,kiuorio7q@histats.com,"G.R.P., UTTAR PRADESH",26.92356,80.56635
279,Lesley,38,Male,lmacaloren7r@deliciousdays.com,"KODAGU, KARNATAKA",12.381173,75.66772399999999
280,Tommie,32,Male,trosenkrantz7s@sourceforge.net,"WARANGAL, ANDHRA PRADESH",17.23874,78.47707
281,Bryn,59,Female,bgymlett7t@xing.com,"G.R.P., ASSAM",44.516527,-64.548099
282,Samaria,17,Female,swhitelock7u@cafepress.com,"GHAZIPUR, UTTAR PRADESH",25.90345,80.80067
283,Candice,15,Female,ccrane7v@tumblr.com,"SIDHI, MADHYA PRADESH",24.52874,81.30708
284,Devinne,41,Female,dsavary7w@live.com,"TIRAP, ARUNACHAL PRADESH",26.961625,95.432609
285,Junette,19,Female,jaugustus7x@eepurl.com,"RATLAM, MADHYA PRADESH",23.331541,75.036658
286,Modestine,14,Female,mcavell7y@zdnet.com,"BARPETA, ASSAM",26.18327,91.69619
287,Alden,24,Male,aogara7z@plala.or.jp,"DURG, CHHATTISGARH",21.18562,81.2802
288,Uta,24,Female,ulopes80@deliciousdays.com,"POONCH, JAMMU & KASHMIR",32.752629999999996,74.81375
289,Elyse,45,Female,ekeese81@virginia.edu,"CUDDAPAH, ANDHRA PRADESH",14.67425,78.42031999999999
290,Judah,15,Male,jtrehearn82@businessweek.com,"KHANNA, PUNJAB",30.700625,76.222076
291,Corny,12,Male,cspaice83@godaddy.com,"NASIK RURAL, MAHARASHTRA",19.284589999999998,73.1966
292,Leola,27,Female,lwalsh84@xrea.com,"BETTIAH, BIHAR",27.06268,84.36026
293,Zahara,43,Female,zstronge85@businesswire.com,"SHEOHAR, BIHAR",26.464440000000003,85.1722
294,Burke,13,Male,bdeancywillis86@addtoany.com,"GANDERBAL, JAMMU & KASHMIR",34.14528,74.80224
295,Gnni,54,Female,gmcfadin87@tripod.com,"BAGAHA, BIHAR",26.8063,84.50465
296,Elizabeth,18,Female,eday88@examiner.com,"BADAUN, UTTAR PRADESH",28.30985,79.41382
297,Eilis,55,Female,eachromov89@parallels.com,"NORTH EAST, DELHI UT",38.824533,-90.846882
298,Kaylyn,21,Female,kdumini8a@telegraph.co.uk,"RAJKOT RURAL, GUJARAT",21.66449,69.79543000000001
299,Jeralee,24,Female,jruoff8b@squidoo.com,"24 PARGANAS SOUTH, WEST BENGAL",31.152064000000003,-97.452242
300,Joelynn,23,Female,jaddey8c@seattletimes.com,"JHARSUGUDA, ODISHA",21.98095,84.20894
301,Hilton,30,Male,hthomelin8d@ezinearticles.com,"ST.RAVIDASNAGAR, UTTAR PRADESH",27.56261,78.66226999999999
302,Enrique,37,Male,eharmant8e@tuttocitta.it,"NELLORE, ANDHRA PRADESH",14.449372,79.987376
303,Marlena,44,Female,mtimmes8f@yale.edu,"KAMRUP, ASSAM",26.16422,91.71563
304,Nathaniel,27,Male,nfreed8g@csmonitor.com,"ETAH, UTTAR PRADESH",27.55378,78.66167
305,Hansiain,53,Male,hblaxland8h@a8.net,"NADIA, WEST BENGAL",23.26207,88.41051999999999
306,Therine,29,Female,tadicot8i@e-recht24.de,"ARWAL, BIHAR",25.24374,84.663
307,Alissa,16,Female,asemorad8j@furl.net,"DAKSHIN DINAJPUR, WEST BENGAL",25.40009,88.55547
308,Joscelin,48,Female,jumpleby8k@multiply.com,"NAWADAH, BIHAR",24.62953,85.91042
309,Ruthie,24,Female,rgoodliffe8l@ted.com,"SARAIKELA, JHARKHAND",22.7021,85.9307
310,Gregoire,52,Male,gfrancescozzi8m@mysql.com,"SONITPUR, ASSAM",26.765603000000002,92.996861
311,Wayne,39,Male,wmethingam8n@wired.com,"MOTIHARI, BIHAR",26.658540000000002,84.91605
312,Jo-anne,46,Female,jdosedale8o@vk.com,"JORHAT, ASSAM",26.757793,94.207965
313,Andris,33,Male,agrubb8p@twitter.com,"C.I.D., ASSAM",-21.74108,-48.18897
314,Rodger,24,Male,rslaten8q@hibu.com,"KAWARDHA, CHHATTISGARH",21.60809,81.06121
315,Grange,17,Male,gesberger8r@elpais.com,"JANJGIR, CHHATTISGARH",22.011470000000003,82.5755
316,Mikkel,41,Male,maskie8s@1688.com,"SUNDARGARH, ODISHA",22.1194,84.0381
317,Nevile,52,Male,nsedgman8t@sciencedaily.com,"MANDLA, MADHYA PRADESH",22.5337,80.3032
318,Derrik,57,Male,dsnalham8u@youtube.com,"MAHENDRAGARH, HARYANA",28.225920000000002,76.54411999999999
319,Alia,32,Female,akelbie8v@mapquest.com,"CHANGLANG, ARUNACHAL PRADESH",27.1351,95.73269
320,Dahlia,37,Female,dmollett8w@goo.ne.jp,"DARRANG, ASSAM",26.56356,92.067533
321,Walsh,20,Male,wmapledoram8x@eepurl.com,"KOHIMA, NAGALAND",25.707079999999998,94.0908
322,Forster,46,Male,fhalksworth8y@webeden.co.uk,"KUSHI NAGAR, UTTAR PRADESH",27.940279999999998,80.78546999999999
323,Allegra,17,Female,ajanaway8z@umn.edu,"KORIYA, CHHATTISGARH",23.1801,82.37453000000001
324,Maryl,52,Female,mdudeney90@illinois.edu,"FEROZEPUR, PUNJAB",30.87763,75.76408
325,Lainey,35,Female,laspinell91@sitemeter.com,"DHAMTARI, CHHATTISGARH",20.7342,81.53572
326,Giralda,28,Female,godoghesty92@cpanel.net,"TIKAMGARH, MADHYA PRADESH",24.785320000000002,78.94971
327,Miguelita,28,Female,mbowdler93@ibm.com,"ANANTAPUR, ANDHRA PRADESH",14.425239999999999,77.71148000000001
328,Ariel,28,Male,astanbrooke94@nhs.uk,"NAINITAL, UTTARAKHAND",29.392038,79.455536
329,Rhodia,20,Female,rtreffry95@zimbio.com,"BAGAHA, BIHAR",26.8063,84.50465
330,Ruddie,24,Male,rever96@umn.edu,"GHAZIPUR, UTTAR PRADESH",25.90345,80.80067
331,Ettore,32,Male,ebanyard97@cbc.ca,"BAGAHA, BIHAR",26.8063,84.50465
332,Ronnie,45,Male,rroantree98@arstechnica.com,"NEW DELHI, DELHI UT",14.32351,120.95263
333,Catie,55,Female,ccode99@bandcamp.com,"SHEIKHPURA, BIHAR",25.1339,85.8554
334,Garold,53,Male,ggeare9a@sina.com.cn,"CHITTOOR, ANDHRA PRADESH",13.178420000000001,79.09536999999999
335,Hyatt,32,Male,htarrier9b@rambler.ru,"NAGAUR, RAJASTHAN",26.344540000000002,73.0627
336,Ric,59,Male,rrousby9c@imdb.com,"NOWRANGPUR, ODISHA",-37.0897,-56.83919
337,Fanechka,43,Female,fblaisdell9d@meetup.com,"AURANGABAD, BIHAR",24.75486,84.37759
338,Lyndell,54,Female,lsilcocks9e@themeforest.net,"JHARSUGUDA, ODISHA",21.98095,84.20894
339,Modesta,16,Female,mbeardwell9f@drupal.org,"VADODARA COMMR, GUJARAT",22.27444,73.22534
340,Sandra,28,Female,stroop9g@howstuffworks.com,"SIBSAGAR, ASSAM",26.9893,94.6397
341,Rakel,55,Female,rlucks9h@yahoo.co.jp,"MOTIHARI, BIHAR",26.658540000000002,84.91605
342,Mandie,31,Female,misac9i@walmart.com,"NAGPUR COMMR, MAHARASHTRA",21.149804,79.080609
343,Northrop,42,Male,nbelcham9j@samsung.com,"RANCHI, JHARKHAND",23.3345,85.40379
344,Dusty,23,Female,dsharville9k@altervista.org,"BHAVNAGAR, GUJARAT",23.026429999999998,72.64431
345,Mikkel,44,Male,measum9l@google.com,"OSMANABAD, MAHARASHTRA",18.185364,76.042
346,Sayres,56,Male,sromei9m@si.edu,"JASHPUR, CHHATTISGARH",22.8773,84.1372
347,Daffi,56,Female,dmillier9n@angelfire.com,"AMBALA, HARYANA",30.33711,76.83256
348,Celestina,43,Female,cbalazin9o@state.gov,"JAMNAGAR, GUJARAT",23.0969,70.7757
349,Barry,56,Male,bverrico9p@elegantthemes.com,"CHITTOOR, ANDHRA PRADESH",13.178420000000001,79.09536999999999
350,Cindee,39,Female,ckenway9q@wiley.com,"MAHARAJGANJ, UTTAR PRADESH",26.25563,81.23401
351,Dorena,24,Female,dcullity9r@dedecms.com,"SUBANSIRI UPPER, ARUNACHAL PRADESH",27.643989,94.240939
352,Lisa,56,Female,lbuckberry9s@msn.com,"SHIMLA, HIMACHAL PRADESH",31.104153000000004,77.170973
353,Hailey,17,Male,hellson9t@cdc.gov,"MOGA, PUNJAB",30.822340999999998,75.173097
354,Heindrick,36,Male,hjenks9u@g.co,"IDUKKI, KERALA",10.034930000000001,76.80717
355,Antonie,49,Female,apecey9v@tuttocitta.it,"NAGAPATTINAM, TAMIL NADU",10.76638,79.84952
356,Jacquelyn,39,Female,jseed9w@go.com,"TRICHY RLY., TAMIL NADU",11.00395,77.0457
357,Northrup,15,Male,nquaintance9x@youku.com,"SERCHHIP, MIZORAM",23.3083,92.8564
358,Tyler,33,Male,thadwin9y@xrea.com,"DHULE, MAHARASHTRA",20.898000000000003,74.7732
359,Giorgio,35,Male,gfrederick9z@multiply.com,"HATHRAS, UTTAR PRADESH",27.597589000000003,78.054548
360,Dorree,24,Female,dschlagmana0@usnews.com,"N.C.HILLS, ASSAM",26.620070000000002,92.78014
361,Ase,52,Male,alittleprouda1@columbia.edu,"SHAHJAHANPUR, UTTAR PRADESH",27.859059999999996,79.88883
362,Sandy,54,Male,sgiacomelloa2@ihg.com,"SOUTH, SIKKIM",-25.79363,28.113059999999997
363,Neille,44,Female,nfrittera3@patch.com,"SIANG WEST, ARUNACHAL PRADESH",28.066207000000002,95.32808100000001
364,Lauree,21,Female,lclappa4@examiner.com,"GARO HILLS SOUTH, MEGHALAYA",25.5,90.5
365,Gussy,37,Female,gtrainera5@is.gd,"MALAPPURAM, KERALA",11.287066000000001,75.80093000000001
366,Correy,23,Female,chardera6@netvibes.com,"BUDGAM, JAMMU & KASHMIR",34.01466,74.7193
367,Manny,32,Male,mwyarda7@twitpic.com,"SIBSAGAR, ASSAM",26.9893,94.6397
368,Hilda,56,Female,hdebnama8@oaic.gov.au,"FEROZEPUR, PUNJAB",30.87763,75.76408
369,Farr,45,Male,fhatherleya9@feedburner.com,"TRICHY URBAN, TAMIL NADU",11.00395,77.0457
370,Rois,37,Female,rchareraa@google.com,"KANKER, CHHATTISGARH",20.269275,81.493211
371,Merwin,43,Male,mkuhlenab@samsung.com,"NAGPUR COMMR, MAHARASHTRA",21.149804,79.080609
372,Layla,13,Female,lgrewerac@bloglovin.com,"NALBARI, ASSAM",26.4458,91.4384
373,Binny,50,Female,bbrouad@goo.gl,"JALNA, MAHARASHTRA",19.840916,75.882487
374,Carleen,33,Female,cmacgorleyae@europa.eu,"COIMBATORE URBAN, TAMIL NADU",11.001812,76.962843
375,Herc,28,Male,hbowenaf@columbia.edu,"MANDYA, KARNATAKA",12.521784,76.893739
376,Nicolais,43,Male,nmcandrewag@creativecommons.org,"PITHORAGARH, UTTARAKHAND",29.58832,80.21989
377,Cori,34,Male,cguillotah@sakura.ne.jp,"BIJNOR, UTTAR PRADESH",29.307059999999996,78.17289
378,Marleen,48,Female,mdunabieai@google.com.br,"JAMNAGAR, GUJARAT",23.0969,70.7757
379,Tracy,13,Female,tebunoluwaaj@baidu.com,"JANJGIR, CHHATTISGARH",22.011470000000003,82.5755
380,Lanita,30,Female,ltumilsonak@wordpress.com,"ERODE, TAMIL NADU",10.510729,78.060022
381,Stacie,23,Female,sorroal@tiny.cc,"SOUTH, TRIPURA",23.5,91.666667
382,Angele,57,Female,aerwinam@ebay.com,"UJJAIN, MADHYA PRADESH",23.174597,75.78514200000001
383,Noak,51,Male,nburlingamean@scientificamerican.com,"SERCHHIP, MIZORAM",23.3083,92.8564
384,Dalt,60,Male,dscreetonao@harvard.edu,"RAJKOT RURAL, GUJARAT",21.66449,69.79543000000001
385,Casey,44,Male,chumbellap@wordpress.com,"NALANDA, BIHAR",25.1965,85.50981999999999
386,Raeann,55,Female,rellettaq@noaa.gov,"DHARMAPURI, TAMIL NADU",12.134799000000001,78.158986
387,Washington,39,Male,wfrenschear@rambler.ru,"AKOLA, MAHARASHTRA",20.729570000000002,77.00777
388,Jeannine,41,Female,jgriffenas@google.co.jp,"D and N HAVELI, D & N HAVELI",18.46592,73.76498000000001
389,Maressa,21,Female,mproughtenat@wp.com,"PATNA RLY., BIHAR",25.22255,85.50275
390,Shay,14,Male,smillyardau@kickstarter.com,"BHIND, MADHYA PRADESH",26.3089,78.25995999999999
391,Sasha,37,Female,swilflingerav@goodreads.com,"CENTRAL, DELHI UT",39.643477000000004,-85.57354699999999
392,Jacquetta,51,Female,jworsallaw@huffingtonpost.com,"DAKSHIN DINAJPUR, WEST BENGAL",25.40009,88.55547
393,Fairlie,19,Male,ftattamax@usda.gov,"SEALDAH G.R.P., WEST BENGAL",45.964727,-60.14389
394,Ertha,38,Female,equenellay@prnewswire.com,"KORAPUT, ODISHA",18.8132,82.7126
395,Tom,35,Male,tgiddinsaz@intel.com,"RANGA REDDY, ANDHRA PRADESH",17.501381,78.508499
396,Bordy,48,Male,bglaisnerb0@google.com.au,"MALAPPURAM, KERALA",11.287066000000001,75.80093000000001
397,Maryjane,20,Female,mtamlettb1@godaddy.com,"BHAGALPUR, BIHAR",25.2499,86.98200000000001
398,Chrissy,57,Female,cfaintb2@gov.uk,"HOWRAH, WEST BENGAL",22.59938,88.31656
399,Zeb,41,Male,zsharpinb3@w3.org,"KARIMNAGAR, ANDHRA PRADESH",17.23874,78.47707
400,Darin,58,Male,dfrancombb4@live.com,"JAGDALPUR, CHHATTISGARH",19.087076,82.023572
401,Miguela,54,Female,mjiggensb5@elegantthemes.com,"PARBHANI, MAHARASHTRA",19.42951,76.48568
402,Kerrill,42,Female,keudallb6@google.fr,"JAMUI, BIHAR",24.99447,86.19043
403,Kelley,51,Female,kpollokb7@microsoft.com,"AWANTIPORA, JAMMU & KASHMIR",33.81765,75.05898
404,Sam,15,Male,ssteinb8@unblog.fr,"JHANSI, UTTAR PRADESH",25.448729999999998,78.57013
405,Keary,45,Male,kccominib9@techcrunch.com,"ANANTAPUR, ANDHRA PRADESH",14.425239999999999,77.71148000000001
406,Urbano,26,Male,urubenfeldba@ow.ly,"MOGA, PUNJAB",30.822340999999998,75.173097
407,Terence,24,Male,tdetheridgebb@google.it,"RAMNATHAPURAM, TAMIL NADU",41.726595,-74.387905
408,Guntar,20,Male,ggauchierbc@mozilla.com,"RAYAGADA, ODISHA",19.1754,83.4109
409,Bartie,57,Male,bbutterisbd@is.gd,"SOUTH, DELHI UT",34.98505,-93.29835899999999
410,Carey,17,Male,cekebe@xinhuanet.com,"IMPHAL(EAST), MANIPUR",24.729589999999998,93.96678
411,Meredith,33,Male,msummerhayesbf@reuters.com,"KHIRI, UTTAR PRADESH",27.924870000000002,80.79163
412,Peggie,18,Female,pkanzlerbg@lycos.com,"W.RLY, GUJARAT",20.35572,72.93135
413,Tyler,14,Male,tkraftbh@yellowbook.com,"CUDDAPAH, ANDHRA PRADESH",14.67425,78.42031999999999
414,Marney,15,Female,mbrosnanbi@tinyurl.com,"KANDHAMAL, ODISHA",20.128953,84.072102
415,Della,46,Female,dlosanobj@yahoo.co.jp,"ANAND, GUJARAT",22.5632,72.96028000000001
416,Lara,39,Female,ltantbk@themeforest.net,"NALANDA, BIHAR",25.1965,85.50981999999999
417,Wilt,57,Male,wbeevorbl@marriott.com,"CRIME SRINAGAR, JAMMU & KASHMIR",34.08401,74.83829
418,Dwayne,51,Male,dbloschkebm@nps.gov,"BHARUCH, GUJARAT",21.72358,72.99519000000001
419,Myrta,48,Female,mshannonbn@ftc.gov,"MUZAFFARPUR, BIHAR",26.116039999999998,85.35055
420,Christiana,24,Female,cdaddabo@virginia.edu,"DARBHANGA, BIHAR",26.156270000000003,85.89411
421,Brandtr,47,Male,bsnozzwellbp@uol.com.br,"LUCKNOW, UTTAR PRADESH",26.28265,81.20996
422,Putnem,22,Male,pkamenabq@ihg.com,"HAMIRPUR, HIMACHAL PRADESH",31.6864,76.5214
423,Vicky,53,Female,vpattonbr@businesswire.com,"SRIKAKULAM, ANDHRA PRADESH",18.29494,83.893875
424,Kaylil,47,Female,kmeddbs@cornell.edu,"JANJGIR, CHHATTISGARH",22.011470000000003,82.5755
425,Delmer,31,Male,dboarbt@psu.edu,"LAKHISARAI, BIHAR",25.10886,85.78938000000001
426,Jennilee,35,Female,jdynebu@nba.com,"FATEHGARH SAHIB, PUNJAB",30.65213,76.39726999999999
427,Cal,54,Female,cstocklebv@github.io,"SIVAGANGAI, TAMIL NADU",9.92736,78.15219
428,Patrizius,19,Male,payliffebw@sitemeter.com,"PAPUM PARE, ARUNACHAL PRADESH",27.284315000000003,93.61156
429,Cherry,46,Female,ccarvillabx@digg.com,"ALLAHABAD, UTTAR PRADESH",25.438129999999997,81.833801
430,Clarence,14,Male,citzhakiby@multiply.com,"PUNE RURAL, MAHARASHTRA",18.5415,73.82151
431,Wiatt,24,Male,wdavsonbz@tripadvisor.com,"RANGA REDDY, ANDHRA PRADESH",17.501381,78.508499
432,Jacky,12,Female,jferrandezc0@digg.com,"LUNGLEI, MIZORAM",22.91189,92.75539
433,Marci,39,Female,mrichingsc1@wiley.com,"SIANG WEST, ARUNACHAL PRADESH",28.066207000000002,95.32808100000001
434,Kasey,47,Female,kdiwellc2@ucla.edu,"MADHUBANI, BIHAR",26.356959999999997,86.07614000000001
435,Diarmid,22,Male,dvanbrugc3@liveinternet.ru,"NAGPUR COMMR, MAHARASHTRA",21.149804,79.080609
436,Maxy,38,Male,mmchughc4@sbwire.com,"DAHOD, GUJARAT",22.79306,73.72399999999999
437,Brina,42,Female,bwastellc5@oracle.com,"KARIMNAGAR, ANDHRA PRADESH",17.23874,78.47707
438,Erwin,14,Male,etamplingc6@csmonitor.com,"KENDRAPARA, ODISHA",20.59806,86.4454
439,Nickolas,34,Male,ntetlac7@theguardian.com,"MORENA, MADHYA PRADESH",26.63145,78.28386
440,Bibi,36,Female,bashardc8@google.pl,"KANNAUJ, UTTAR PRADESH",27.0564,79.9184
441,Craggy,49,Male,cwoolhamc9@51.la,"SANGLI, MAHARASHTRA",17.436269,75.193229
442,Guillaume,51,Male,gdoolyca@wikimedia.org,"RANCHI, JHARKHAND",23.3345,85.40379
443,Aldrich,56,Male,akalkercb@purevolume.com,"GOPALGANJ, BIHAR",26.79477,84.50827
444,Tobias,15,Male,tmclugaishcc@google.de,"IMPHAL(WEST), MANIPUR",24.7465,93.8741
445,Auberon,49,Male,arathkecd@telegraph.co.uk,"NAYAGARH, ODISHA",20.1269,85.1047
446,Beale,39,Male,bespinayce@tinypic.com,"SRP(ROURKELA), ODISHA",22.232129999999998,84.80313000000001
447,Earvin,38,Male,edandcf@google.ca,"PRAKASHAM, ANDHRA PRADESH",13.217970000000001,79.10104
448,Shirlene,13,Female,sdowniecg@mozilla.com,"KATIHAR, BIHAR",25.543382,87.56904200000001
449,Glennis,51,Female,gbinningch@marriott.com,"KURNOOL, ANDHRA PRADESH",15.830925,78.042537
450,Cosme,43,Male,clambellci@deviantart.com,"DIBRUGARH, ASSAM",27.478070000000002,94.90115
451,Tami,19,Female,tvezeycj@comsenz.com,"PURNEA, BIHAR",25.778519,87.478401
452,Glynn,55,Male,gcoppenck@npr.org,"KANKER, CHHATTISGARH",20.269275,81.493211
453,Lisle,20,Male,lwarhurstcl@aboutads.info,"SOLAPUR COMMR, MAHARASHTRA",17.671526999999998,75.89755
454,Anthea,13,Female,akitleecm@biglobe.ne.jp,"KARIMNAGAR, ANDHRA PRADESH",17.23874,78.47707
455,Kip,49,Male,kpenniallcn@last.fm,"NAGAPATTINAM, TAMIL NADU",10.76638,79.84952
456,Analise,14,Female,aleiboldco@fc2.com,"SAMASTIPUR, BIHAR",25.8598,85.7866
457,Rodrigo,12,Male,rbassoncp@symantec.com,"VALSAD, GUJARAT",20.570729999999998,72.94118
458,Andrea,50,Male,amaffuccicq@google.co.uk,"UDAIPUR, RAJASTHAN",24.596770000000003,73.7852
459,Kynthia,18,Female,kkolyagincr@springer.com,"ANANTAPUR, ANDHRA PRADESH",14.425239999999999,77.71148000000001
460,Fancy,38,Female,fphelitcs@example.com,"SIANG UPPER, ARUNACHAL PRADESH",28.720025,95.07183
461,Cornelius,39,Male,csedmanct@feedburner.com,"DEOGARH, ODISHA",21.530811,84.724582
462,Lalo,12,Male,lholleycu@reference.com,"GARO HILLS SOUTH, MEGHALAYA",25.5,90.5
463,Cheri,27,Female,chartfordcv@fda.gov,"JAMNAGAR, GUJARAT",23.0969,70.7757
464,Lily,51,Female,lebournecw@usgs.gov,"KAMENG EAST, ARUNACHAL PRADESH",27.296587,92.804626
465,Haywood,56,Male,hradmercx@salon.com,"THIRUVANNAMALAI, TAMIL NADU",12.234323,79.076199
466,Stafani,51,Female,sedmundcy@unblog.fr,"ARWAL, BIHAR",25.24374,84.663
467,Adamo,23,Male,aluebbertcz@theglobeandmail.com,"DEOGARH, ODISHA",21.530811,84.724582
468,Danni,15,Female,dcatchpoled0@digg.com,"AMRAVATI COMMR, MAHARASHTRA",21.145020000000002,78.98121
469,Martina,37,Female,mlippod1@biglobe.ne.jp,"JAIPUR, RAJASTHAN",26.916128999999998,75.820406
470,Jillene,51,Female,jlasseterd2@unicef.org,"SERCHHIP, MIZORAM",23.3083,92.8564
471,Helen-elizabeth,18,Female,hdayleyd3@mysql.com,"DARBHANGA, BIHAR",26.156270000000003,85.89411
472,Annora,21,Female,aclinesd4@symantec.com,"DHARMAPURI, TAMIL NADU",12.134799000000001,78.158986
473,Bryana,49,Female,bmcguired5@telegraph.co.uk,"JAMSHEDPUR RLY., JHARKHAND",22.801519,86.202958
474,Zilvia,56,Female,zpinardd6@illinois.edu,"PALI, RAJASTHAN",26.19187,73.04313
475,Scotti,36,Male,sdomercd7@hp.com,"KANKER, CHHATTISGARH",20.269275,81.493211
476,Carrissa,51,Female,cmacmenamyd8@umn.edu,"BUDGAM, JAMMU & KASHMIR",34.01466,74.7193
477,Jesse,16,Male,jcopnelld9@dot.gov,"KHURDA, ODISHA",20.51309,84.42992
478,Jacklin,22,Female,jtullotda@t.co,"KINNAUR, HIMACHAL PRADESH",31.586346000000002,78.39684399999999
479,Ruperta,36,Female,rironsdb@w3.org,"HARDA, MADHYA PRADESH",22.33602,77.09053
480,Barrie,18,Male,bstirmandc@fastcompany.com,"TUENSANG, NAGALAND",26.234090000000002,94.81154000000001
481,Clemens,25,Male,cearrydd@tripadvisor.com,"ROURKELA, ODISHA",22.230926,84.867871
482,Neron,12,Male,nscoulerde@t.co,"AHMEDABAD COMMR, GUJARAT",23.021624,72.579707
483,Marlowe,53,Male,mneisingdf@va.gov,"KATIHAR, BIHAR",25.543382,87.56904200000001
484,Sherwynd,16,Male,slaphorndg@fda.gov,"HAMIRPUR, HIMACHAL PRADESH",31.6864,76.5214
485,Martainn,26,Male,mkopferdh@geocities.com,"SAHARSA, BIHAR",25.87445,86.61204000000001
486,Mohammed,14,Male,mcrumbiedi@deviantart.com,"FATEHGARH, UTTAR PRADESH",26.431459999999998,80.29281999999999
487,Brooke,47,Male,biacovinidj@cnet.com,"GRP RAIPUR, CHHATTISGARH",30.548247999999997,-92.086016
488,Marje,12,Female,mskusedk@istockphoto.com,"KANYAKUMARI, TAMIL NADU",12.958110000000001,80.172653
489,Kent,55,Male,kfingletondl@webeden.co.uk,"TEHRI GARHWAL, UTTARAKHAND",30.31805,78.43576
490,Lexie,26,Female,lalbindm@nymag.com,"NORTH, TRIPURA",28.632655,80.693497
491,Robinette,12,Female,rdowdadn@washington.edu,"PURI, ODISHA",19.81296,85.80790999999999
492,Antin,59,Male,ateatherdo@marriott.com,"TUENSANG, NAGALAND",26.234090000000002,94.81154000000001
493,Chuck,38,Male,cheindrickdp@altervista.org,"MAMIT, MIZORAM",23.92853,92.49048
494,Nickie,32,Male,nmcaughtrydq@networksolutions.com,"PALAMU, JHARKHAND",23.981377,84.227788
495,Sibyl,46,Female,sgaitleydr@narod.ru,"HOWRAH, WEST BENGAL",22.59938,88.31656
496,Cleavland,33,Male,ccarderds@sohu.com,"BHOPAL, MADHYA PRADESH",23.260663,77.39406
497,Ninon,36,Female,noconnelldt@miibeian.gov.cn,"CENTRAL, DELHI UT",39.643477000000004,-85.57354699999999
498,Arlinda,24,Female,aakermandu@reddit.com,"KHEDA NORTH, GUJARAT",20.795759,70.704545
499,Nissa,23,Female,nshakeladydv@epa.gov,"SIRMAUR, HIMACHAL PRADESH",30.69987,77.438847
