id,name,age,address,gender,email
1,Sib,35,59 Bayside Circle,Female,salfonsini0@flickr.com
2,Mollie,18,5056 High Crossing Trail,Female,mtumini1@yahoo.co.jp
3,Sadye,36,411 Northfield Avenue,Female,sbatecok2@nsw.gov.au
4,Wade,53,51 Browning Lane,Male,wchasemoore3@google.com.hk
5,Tonie,41,0311 Arrowood Alley,Female,tgeratt4@about.me
6,Freida,38,827 Myrtle Pass,Female,ftissell5@forbes.com
7,Zabrina,45,98 Sunnyside Junction,Female,zvoak6@elegantthemes.com
8,Vaughn,39,70 Fair Oaks Way,Male,veffaunt7@soup.io
9,Sonnie,37,252 Jackson Pass,Female,shuyche8@nbcnews.com
10,Carny,48,10 Gale Parkway,Male,cmullen9@nifty.com
11,Orin,54,44 Melrose Point,Male,ogettena@rambler.ru
12,Margie,18,22115 Carberry Park,Female,mthoumassonb@nba.com
13,Faye,51,4060 Porter Point,Female,fluceyc@statcounter.com
14,Meredeth,32,27 Lunder Pass,Male,mtuillerd@dailymail.co.uk
15,Jere,31,07248 Dexter Trail,Female,jbotleye@amazon.de
16,Rubin,43,6 Brentwood Crossing,Male,rmcgrortyf@bbc.co.uk
17,Lucien,40,74 Ronald Regan Lane,Male,lixerg@nbcnews.com
18,Bengt,41,82567 Donald Parkway,Male,bilberth@ycombinator.com
19,Marty,43,5387 Wayridge Terrace,Female,mduesberryi@statcounter.com
20,Minnnie,32,5 Memorial Alley,Female,mmammattj@nps.gov
21,Glenine,45,5 Glendale Pass,Female,gspilisyk@huffingtonpost.com
22,Edmon,44,411 Kipling Point,Male,elomasneyl@thetimes.co.uk
23,Amanda,39,69708 4th Circle,Female,alejeunem@epa.gov
24,Fannie,35,963 Clove Crossing,Female,fcallfn@virginia.edu
25,Ketti,14,85 Dryden Center,Female,kbredgelando@weebly.com
26,Brig,13,70 Dapin Drive,Male,bpennickp@people.com.cn
27,Basia,49,588 Anniversary Trail,Female,btameq@sohu.com
28,Rollie,32,3018 Dayton Court,Male,rkirtleyr@oaic.gov.au
29,Roxy,23,674 High Crossing Place,Female,rshrimplings@hatena.ne.jp
30,Dewey,55,00255 Annamark Circle,Male,dchawnert@fotki.com
31,Phedra,37,937 Washington Avenue,Female,phinckesmanu@youku.com
32,Lori,46,024 Melody Place,Female,lcouserv@purevolume.com
33,Gianna,54,416 West Crossing,Female,geppsonw@china.com.cn
34,Ilene,40,6776 Spohn Way,Female,ikennawayx@de.vu
35,Omero,35,49 Rigney Pass,Male,onayshey@multiply.com
36,Rea,15,3384 Center Junction,Female,rcoweyz@slideshare.net
37,Obadias,39,85080 Katie Pass,Male,oblackaller10@blogs.com
38,Shayla,12,3 Kropf Way,Female,sdegliabbati11@nyu.edu
39,Lazar,19,484 Southridge Court,Male,lreville12@godaddy.com
40,Abbie,17,8 Cottonwood Place,Female,alewisham13@wufoo.com
41,Haley,48,5 Algoma Terrace,Female,helleton14@fc2.com
42,Letty,44,4100 Sugar Avenue,Female,lbrigstock15@prnewswire.com
43,Jeralee,47,6 Jenna Drive,Female,jtoderi16@illinois.edu
44,Den,56,23743 Buena Vista Alley,Male,dtunkin17@wordpress.com
45,Arvin,12,06028 Melby Terrace,Male,aallbut18@reuters.com
46,Barris,27,27586 Linden Lane,Male,bmullane19@google.com.au
47,Kalli,50,00306 Moulton Junction,Female,kiacomelli1a@imdb.com
48,Edik,33,38652 Jay Junction,Male,ebradbeer1b@blogs.com
49,Reinold,47,7 Hintze Junction,Male,rsimek1c@cdc.gov
50,Kev,34,8749 Shelley Circle,Male,kreymers1d@slate.com
51,Kayne,30,92411 Westridge Point,Male,klydden1e@wordpress.com
52,Jodi,29,4 3rd Terrace,Male,jgerraty1f@delicious.com
53,Cordelia,46,715 Holmberg Lane,Female,ccaswall1g@hp.com
54,Pammi,50,1448 Hudson Plaza,Female,pweems1h@dot.gov
55,Erik,13,8962 Carberry Point,Male,ejerrolt1i@google.ru
56,Sibel,22,8033 Old Shore Circle,Female,smeigh1j@mit.edu
57,Roberto,27,9 Pierstorff Hill,Male,rcrampton1k@cornell.edu
58,Cari,16,2662 Annamark Plaza,Female,coldmeadow1l@fastcompany.com
59,Ivar,35,3266 Caliangt Street,Male,ihonack1m@weibo.com
60,Aurore,37,80 Stang Park,Female,astockley1n@ebay.com
61,Wenda,50,3 Mallory Crossing,Female,wcomber1o@ocn.ne.jp
62,Amery,21,19 Porter Court,Male,asimonaitis1p@indiegogo.com
63,Anni,60,1 Anniversary Terrace,Female,apandya1q@phoca.cz
64,Rafael,59,6306 Jana Hill,Male,rbriscoe1s@springer.com
65,Homere,52,3491 Harbort Drive,Male,hcrowth1t@senate.gov
66,Tamarra,24,19236 Artisan Park,Female,tcorton1u@cdc.gov
67,Morna,44,840 Holmberg Alley,Female,mbrooks1v@blogtalkradio.com
68,Annabelle,40,81 Tomscot Drive,Female,amarlow1w@sfgate.com
69,Alia,44,14 Old Gate Street,Female,achrichton1x@disqus.com
70,Bran,37,80193 Macpherson Avenue,Male,bsetchell1y@acquirethisname.com
71,Ruby,15,432 Meadow Valley Place,Male,rbensusan1z@squarespace.com
72,Marcie,31,544 American Alley,Female,mferenc20@usatoday.com
73,Eward,48,18382 Weeping Birch Place,Male,ecurtin21@posterous.com
74,Mort,42,62 Cordelia Park,Male,mblackesland22@example.com
75,Susy,29,475 School Trail,Female,syandell23@techcrunch.com
76,Stanley,60,8132 Lerdahl Place,Male,sranyell24@oaic.gov.au
77,Marcela,17,271 Schmedeman Center,Female,mmynett25@flavors.me
78,Archie,47,99 Erie Court,Male,acarlyon26@naver.com
79,Marquita,19,2 Park Meadow Center,Female,mdoring27@salon.com
80,Kerrie,20,347 Schurz Center,Female,kfitchett28@hexun.com
81,Roanne,13,506 Green Ridge Circle,Female,rsquires29@earthlink.net
82,Leonie,20,1337 Dwight Road,Female,lelleyne2a@prlog.org
83,Shaun,28,76560 Sunbrook Circle,Male,sheersema2b@sciencedirect.com
84,Gasparo,27,93290 Almo Drive,Male,gmaudling2c@instagram.com
85,Bayard,52,51 Welch Center,Male,bprevett2d@mlb.com
86,Lanae,14,83 Linden Point,Female,lentres2e@go.com
87,Mitchael,15,61 Holmberg Road,Male,mpawson2f@trellian.com
88,Damara,18,79 Delaware Park,Female,drist2g@si.edu
89,Jeanine,14,0072 Gateway Circle,Female,jbisacre2h@prlog.org
90,Courtnay,13,29 Havey Park,Female,ccromett2i@cdbaby.com
91,Arleta,38,9 Saint Paul Road,Female,atrowl2j@washington.edu
92,Susi,31,1585 Kings Court,Female,sbailles2k@reverbnation.com
93,Maressa,20,29553 New Castle Park,Female,mannies2l@indiatimes.com
94,Wolfgang,46,0 Karstens Crossing,Male,wszymonowicz2m@privacy.gov.au
95,Lina,19,99 Acker Crossing,Female,lcarrington2n@tinypic.com
96,Dermot,12,60 Ohio Road,Male,dpardy2o@paginegialle.it
97,Christen,29,00240 Sheridan Junction,Female,cleisman2p@ihg.com
98,Codee,55,0 Haas Way,Female,cteresi2q@hubpages.com
99,Willi,30,69149 Crownhardt Park,Male,wmarwood2r@istockphoto.com
100,Standford,60,4 Fieldstone Place,Male,spridham2s@taobao.com
101,Deck,56,63723 Helena Park,Male,dfleay2t@geocities.com
102,Earvin,44,11 Coolidge Parkway,Male,esteel2u@google.cn
103,Cosimo,56,04638 Delladonna Court,Male,cgroome2v@mit.edu
104,Brod,48,7014 Graceland Court,Male,brising2w@dell.com
105,Rozalin,47,04 Loftsgordon Center,Female,rfrankel2x@netscape.com
106,Amara,52,979 Colorado Drive,Female,aplaster2y@list-manage.com
107,Cirstoforo,12,0 Sauthoff Circle,Male,cvasin2z@state.tx.us
108,Sammy,16,807 Arizona Road,Female,spelos30@shinystat.com
109,Jerrine,19,830 Tomscot Street,Female,jdinwoodie31@cam.ac.uk
110,Banky,16,5885 Buell Place,Male,banwyl32@wired.com
111,Darn,54,69930 Sugar Road,Male,dseery33@friendfeed.com
112,Selig,57,3 Fremont Plaza,Male,sfeldheim34@mapy.cz
113,Kitty,60,0 Hanson Plaza,Female,kridd35@webeden.co.uk
114,Eustacia,20,9630 Lukken Point,Female,equested36@bbc.co.uk
115,Tiffi,14,223 Brentwood Hill,Female,tprobets37@moonfruit.com
116,Gustavo,32,93 Wayridge Parkway,Male,gbienvenu38@com.com
117,Jessi,42,07757 Fisk Court,Female,jickovitz39@aol.com
118,Harley,18,803 Jenifer Terrace,Female,hslyford3a@netvibes.com
119,Bibbye,54,1 Saint Paul Center,Female,bscading3b@ftc.gov
120,Benita,24,368 Meadow Ridge Plaza,Female,brusling3c@chronoengine.com
121,Halimeda,14,7 Cardinal Parkway,Female,hhanbury3d@berkeley.edu
122,Evonne,26,8 Clove Court,Female,evaune3e@squidoo.com
123,Marcelo,36,98 Victoria Hill,Male,mlafford3f@archive.org
124,Ilene,42,80 Thackeray Lane,Female,irignold3g@deliciousdays.com
125,Katherina,35,40 Dawn Street,Female,kquinevan3h@fema.gov
126,Ibby,57,7336 Daystar Crossing,Female,ivongladbach3i@creativecommons.org
127,Simona,20,4046 Johnson Pass,Female,savramov3j@unicef.org
128,Gail,44,848 Bayside Center,Male,gorrick3k@spiegel.de
129,Lilllie,17,0 Spenser Lane,Female,lnequest3l@theatlantic.com
130,Bailie,40,67 Hovde Plaza,Male,bcreus3m@archive.org
131,Eugenia,19,1 Buhler Avenue,Female,ethorold3n@dailymail.co.uk
132,Ryann,32,954 Coleman Crossing,Female,rbraghini3o@google.com.hk
133,Tyrone,46,6396 Lotheville Circle,Male,tcostall3p@yelp.com
134,Conrad,40,75689 Mayer Lane,Male,cstroband3q@php.net
135,Warden,55,39 Truax Court,Male,wreadett3r@seesaa.net
136,Hamil,26,24624 Transport Road,Male,hsmout3s@disqus.com
137,Bryce,43,25 Bonner Road,Male,bdaughton3t@indiegogo.com
138,Elihu,60,0032 Esch Pass,Male,egibben3u@mac.com
139,Norrie,49,89 Corscot Circle,Male,nmccrea3v@ucoz.com
140,Leese,18,24 Forest Run Alley,Female,lnode3w@wiley.com
141,Bat,31,3 Fuller Center,Male,bblinman3x@sogou.com
142,Lorenza,28,99518 4th Circle,Female,lwikey3y@skyrock.com
143,Shelba,20,94 Pennsylvania Street,Female,sedgell3z@hatena.ne.jp
144,Victoria,22,5216 Canary Circle,Female,vpowney40@wikispaces.com
145,Melicent,42,39618 Fair Oaks Pass,Female,mlamburne41@acquirethisname.com
146,Valentijn,51,1345 Farragut Alley,Male,vfairbairn42@aol.com
147,Junette,28,6447 Talisman Street,Female,jmacek43@hao123.com
148,Rudd,58,14411 Buell Park,Male,rreaper44@prweb.com
149,Harlin,31,4727 Fieldstone Place,Male,hmulberry45@theguardian.com
150,Rainer,40,8 Grover Terrace,Male,rjosling46@mtv.com
151,Armando,48,9 Center Street,Male,adelaci47@amazon.com
152,Adriaens,50,3 Trailsway Parkway,Female,astaley48@sohu.com
153,Berti,43,36307 Pierstorff Parkway,Female,bkelshaw49@nbcnews.com
154,Corri,39,23505 Elka Way,Female,clethcoe4a@parallels.com
155,Rorie,29,9752 Northwestern Way,Female,rmcdunlevy4b@bloglovin.com
156,Evvie,26,73 Lien Avenue,Female,ecraghead4c@mashable.com
157,Jameson,55,16 Arkansas Street,Male,jmcinteer4d@cbsnews.com
158,Dennie,27,165 Huxley Avenue,Female,dcrampsey4e@cbc.ca
159,Brooks,55,4 Caliangt Parkway,Male,bmatyashev4f@baidu.com
160,Gradeigh,26,754 Iowa Place,Male,ghrinchenko4g@google.es
161,Rickie,34,1 Scott Pass,Male,rurch4h@ihg.com
162,Merwyn,21,2 Rockefeller Center,Male,mtreharne4i@ustream.tv
163,Annamarie,55,4043 Judy Terrace,Female,abalmforth4j@1und1.de
164,Hailee,27,2604 American Ash Crossing,Female,hbeeswing4k@bravesites.com
165,Aurlie,13,26 Independence Alley,Female,asaller4l@themeforest.net
166,Harmon,19,02 Shelley Junction,Male,hbembrick4m@addtoany.com
167,Neron,29,5 Sundown Pass,Male,njugging4n@t.co
168,Doyle,54,80 Dexter Avenue,Male,dcrippen4o@prnewswire.com
169,Samuele,51,30112 Garrison Place,Male,skemp4p@plala.or.jp
170,Elana,34,755 Susan Way,Female,eready4q@harvard.edu
171,Christoph,49,09263 Anhalt Way,Male,cleprovost4r@tuttocitta.it
172,Kerri,39,95 Arizona Pass,Female,kmantripp4s@va.gov
173,Carlyn,42,673 Porter Pass,Female,ckeough4t@paginegialle.it
174,Carly,49,50 Cascade Hill,Male,cgiles4u@businessweek.com
175,Eugenie,19,2842 Daystar Avenue,Female,edoughill4v@google.co.uk
176,Thomasa,23,151 Shasta Circle,Female,tbeesley4w@cyberchimps.com
177,Tan,40,30189 Marquette Hill,Male,trobben4x@tripod.com
178,Creight,20,0921 Crescent Oaks Avenue,Male,challard4y@feedburner.com
179,Ninon,53,6 Reinke Junction,Female,nlear4z@infoseek.co.jp
180,Mitchel,15,35626 Crest Line Terrace,Male,mfridlington50@ihg.com
181,Townsend,14,8906 Basil Trail,Male,tzoppie51@examiner.com
182,Siegfried,33,1 Oakridge Place,Male,shanscombe52@arstechnica.com
183,Siobhan,46,36 Cherokee Street,Female,sdoog53@aboutads.info
184,Alis,41,51 American Road,Female,afaulks54@t.co
185,Emmett,49,01 Karstens Junction,Male,efawks55@1688.com
186,Fanny,47,37 Hooker Lane,Female,flinke56@shutterfly.com
187,Karina,46,55 Maple Wood Way,Female,kdibley57@meetup.com
188,Solomon,33,221 John Wall Center,Male,serangy58@wisc.edu
189,Tracy,17,3 Springview Court,Male,tschukert59@163.com
190,Fernandina,58,72319 Larry Alley,Female,fkubala5a@opensource.org
191,Chaunce,41,127 Ilene Parkway,Male,cforo5b@scientificamerican.com
192,Nels,55,3 Butterfield Plaza,Male,noconor5c@washingtonpost.com
193,Rollins,58,20 Schurz Avenue,Male,rcornes5d@nymag.com
194,Maia,23,841 Elgar Center,Female,mdimock5e@hibu.com
195,Raf,37,60602 Claremont Hill,Female,rdowry5f@msu.edu
196,Barrett,23,2596 Bayside Plaza,Male,bhawkshaw5g@illinois.edu
197,Salaidh,50,2953 Manley Street,Female,sable5h@psu.edu
198,Hernando,26,58 Charing Cross Trail,Male,holdale5i@vinaora.com
199,Amanda,44,164 Main Circle,Female,aparffrey5j@weebly.com
200,Skipton,32,5924 Donald Trail,Male,srocco5k@alibaba.com
201,Dareen,16,186 Dorton Lane,Female,druckledge5l@uiuc.edu
202,Nealon,35,809 Rigney Court,Male,nhaestier5m@usnews.com
203,Elysia,25,9 Forest Dale Junction,Female,enappin5n@trellian.com
204,Derril,23,686 Sugar Park,Male,dolander5o@yelp.com
205,Christal,53,95422 Westend Center,Female,cmoughton5p@harvard.edu
206,Else,35,7 Vernon Trail,Female,eellerey5q@gnu.org
207,Cordula,12,8387 Autumn Leaf Way,Female,cbrownlie5r@technorati.com
208,Kaila,24,468 Eliot Junction,Female,kgreenside5s@rambler.ru
209,Neila,22,2654 Jenna Circle,Female,nlivermore5t@hugedomains.com
210,Rafa,20,53 Scoville Hill,Female,rinnot5u@icq.com
211,Amitie,38,4635 Magdeline Parkway,Female,alenormand5v@mozilla.com
212,Denni,15,27350 Roth Lane,Female,dmcevay5w@ihg.com
213,Wright,44,5 Almo Parkway,Male,wdoiley5x@odnoklassniki.ru
214,Johannes,46,05 Stoughton Lane,Male,jreiach5y@tripadvisor.com
215,Lisbeth,35,10 3rd Trail,Female,lpaolone5z@drupal.org
216,Kingsley,12,672 Sunfield Crossing,Male,khandslip60@devhub.com
217,Gianina,50,74 Grasskamp Terrace,Female,glaughren61@toplist.cz
218,Gerrilee,19,64274 Raven Point,Female,gwetter62@sciencedirect.com
219,Gaylor,25,60369 Eastwood Street,Male,ggrigoryov63@a8.net
220,Amil,47,092 Di Loreto Lane,Female,aizhaky64@hp.com
221,Jocelin,44,15732 Monument Center,Female,jgauvain65@cam.ac.uk
222,Natal,23,6161 Utah Lane,Male,ncompford66@princeton.edu
223,Milt,51,7 Derek Hill,Male,mcheavin67@wp.com
224,Kippie,59,514 Maple Wood Center,Female,kchurchlow68@mayoclinic.com
225,Erika,52,542 Hayes Plaza,Female,emucci69@icio.us
226,Cassondra,17,6 Texas Street,Female,ccogley6a@marketwatch.com
227,Gladi,31,5 Elka Plaza,Female,geslie6b@chicagotribune.com
228,Rakel,46,76604 Lukken Park,Female,rbartosik6c@mozilla.com
229,Robinett,56,5750 Clemons Terrace,Female,rbrownsea6d@state.tx.us
230,Marget,57,9026 Evergreen Trail,Female,mmertel6e@smugmug.com
231,Morgen,32,30851 Mallory Crossing,Female,mdibley6f@t-online.de
232,Karola,50,5 Morning Alley,Female,kelfleet6g@msu.edu
233,Finlay,51,7007 Vernon Park,Male,fmayhou6h@google.co.jp
234,Allister,39,072 Manley Pass,Male,athorneley6i@columbia.edu
235,Carol-jean,16,18 Stephen Point,Female,cpude6j@nationalgeographic.com
236,Tisha,20,207 Haas Park,Female,tratledge6k@ebay.com
237,Guido,38,401 Scott Court,Male,gsweetsur6l@paypal.com
238,Concettina,27,117 Bobwhite Pass,Female,chogbin6m@merriam-webster.com
239,Allister,28,00 Buell Way,Male,awelch6n@nifty.com
240,Theodora,36,1 Rusk Crossing,Female,twards6o@umn.edu
241,Elbertine,34,1 3rd Point,Female,efyers6p@unicef.org
242,Les,23,7493 Mariners Cove Road,Male,ldymick6q@guardian.co.uk
243,Fair,47,78044 Buena Vista Hill,Male,frawcliff6r@aboutads.info
244,Any,17,8 Myrtle Trail,Male,astanley6s@vinaora.com
245,Glenden,12,2 Grayhawk Hill,Male,gkenderdine6t@symantec.com
246,Cindelyn,49,48 Forest Street,Female,csams6u@springer.com
247,Alain,57,26864 Debs Road,Male,ahassin6v@myspace.com
248,Brenden,14,01043 Eagan Avenue,Male,bpollock6w@wikimedia.org
249,Locke,19,21093 Bartelt Road,Male,lmackley6x@craigslist.org
250,Janith,58,012 Lakeland Terrace,Female,jbeddoe6y@google.de
251,Frans,52,1 Eggendart Parkway,Male,fhoyle6z@list-manage.com
252,Gusella,22,9064 Bultman Plaza,Female,gveldens70@ihg.com
253,Camala,46,42 Shopko Way,Female,civanyushin71@dailymotion.com
254,Myrtice,46,755 Hudson Drive,Female,madrienne72@illinois.edu
255,Udale,58,14 Dahle Parkway,Male,uandover73@businessweek.com
256,Gothart,37,5116 Kedzie Lane,Male,gspurdens74@360.cn
257,Jecho,29,600 Spaight Junction,Male,jstarmont75@un.org
258,Lazar,58,2840 Esch Avenue,Male,lcanto76@nsw.gov.au
259,Odelia,60,27517 Badeau Alley,Female,okohter77@github.io
260,Noble,32,45 Bultman Junction,Male,nwarke78@unblog.fr
261,Kaia,56,212 Summer Ridge Street,Female,kblackler79@goodreads.com
262,Lynea,41,344 Thompson Trail,Female,lkinvan7a@dailymail.co.uk
263,Muire,47,28014 Colorado Terrace,Female,mtwitchett7b@techcrunch.com
264,Sheffield,19,0183 Kings Hill,Male,sgayne7c@mit.edu
265,Evin,50,5 Dexter Point,Male,eenser7d@biblegateway.com
266,Adrian,34,2 Luster Way,Male,abrookes7e@jiathis.com
267,Tammy,17,9 Shelley Center,Female,tcaro7f@adobe.com
268,Nicki,14,55 Express Junction,Female,npenright7g@noaa.gov
269,Feliza,44,71487 Novick Place,Female,folijve7h@ow.ly
270,Amara,16,7 Sachs Junction,Female,atickner7i@mail.ru
271,Falito,47,89 Blue Bill Park Place,Male,fnoni7j@ed.gov
272,Beckie,30,3224 New Castle Way,Female,bdunstone7k@apple.com
273,Ted,49,2751 Mayfield Circle,Male,tlawlings7l@4shared.com
274,Kaylil,52,96371 Wayridge Lane,Female,kdecaze7m@behance.net
275,King,50,8 Southridge Crossing,Male,khearfield7n@loc.gov
276,Othilia,44,5520 Browning Pass,Female,odanilevich7o@yandex.ru
277,Appolonia,42,8693 Banding Road,Female,amccumskay7p@marketwatch.com
278,Kimberlee,20,85 Old Gate Drive,Female,kiuorio7q@histats.com
279,Lesley,38,7664 Eastwood Drive,Male,lmacaloren7r@deliciousdays.com
280,Tommie,32,04 Grasskamp Plaza,Male,trosenkrantz7s@sourceforge.net
281,Bryn,59,38179 Maple Court,Female,bgymlett7t@xing.com
282,Samaria,17,9 Stoughton Pass,Female,swhitelock7u@cafepress.com
283,Candice,15,70 Ramsey Park,Female,ccrane7v@tumblr.com
284,Devinne,41,265 Continental Way,Female,dsavary7w@live.com
285,Junette,19,143 Delladonna Drive,Female,jaugustus7x@eepurl.com
286,Modestine,14,8 Mifflin Center,Female,mcavell7y@zdnet.com
287,Alden,24,590 Anhalt Way,Male,aogara7z@plala.or.jp
288,Uta,24,983 High Crossing Center,Female,ulopes80@deliciousdays.com
289,Elyse,45,33 Veith Court,Female,ekeese81@virginia.edu
290,Judah,15,996 Dennis Avenue,Male,jtrehearn82@businessweek.com
291,Corny,12,81 Hermina Center,Male,cspaice83@godaddy.com
292,Leola,27,0952 Clarendon Junction,Female,lwalsh84@xrea.com
293,Zahara,43,55880 Monica Hill,Female,zstronge85@businesswire.com
294,Burke,13,1 Glacier Hill Alley,Male,bdeancywillis86@addtoany.com
295,Gnni,54,7 Esch Terrace,Female,gmcfadin87@tripod.com
296,Elizabeth,18,75 Hayes Plaza,Female,eday88@examiner.com
297,Eilis,55,0765 Pond Circle,Female,eachromov89@parallels.com
298,Kaylyn,21,8855 Blackbird Pass,Female,kdumini8a@telegraph.co.uk
299,Jeralee,24,8477 Ridge Oak Point,Female,jruoff8b@squidoo.com
300,Joelynn,23,12506 Maple Place,Female,jaddey8c@seattletimes.com
301,Hilton,30,76 Hauk Parkway,Male,hthomelin8d@ezinearticles.com
302,Enrique,37,7 Heath Road,Male,eharmant8e@tuttocitta.it
303,Marlena,44,02 Bluestem Plaza,Female,mtimmes8f@yale.edu
304,Nathaniel,27,571 Autumn Leaf Place,Male,nfreed8g@csmonitor.com
305,Hansiain,53,6 Basil Circle,Male,hblaxland8h@a8.net
306,Therine,29,21890 Waywood Lane,Female,tadicot8i@e-recht24.de
307,Alissa,16,2457 Forster Way,Female,asemorad8j@furl.net
308,Joscelin,48,29082 Burning Wood Road,Female,jumpleby8k@multiply.com
309,Ruthie,24,3210 Hagan Court,Female,rgoodliffe8l@ted.com
310,Gregoire,52,482 Calypso Hill,Male,gfrancescozzi8m@mysql.com
311,Wayne,39,9 Holy Cross Plaza,Male,wmethingam8n@wired.com
312,Jo-anne,46,9 Meadow Vale Place,Female,jdosedale8o@vk.com
313,Andris,33,18 Monica Hill,Male,agrubb8p@twitter.com
314,Rodger,24,72429 Walton Alley,Male,rslaten8q@hibu.com
315,Grange,17,92601 Coleman Parkway,Male,gesberger8r@elpais.com
316,Mikkel,41,637 Stang Road,Male,maskie8s@1688.com
317,Nevile,52,1 Morningstar Lane,Male,nsedgman8t@sciencedaily.com
318,Derrik,57,21 Pierstorff Center,Male,dsnalham8u@youtube.com
319,Alia,32,85 Valley Edge Park,Female,akelbie8v@mapquest.com
320,Dahlia,37,78 Kropf Street,Female,dmollett8w@goo.ne.jp
321,Walsh,20,56588 Pearson Point,Male,wmapledoram8x@eepurl.com
322,Forster,46,0 Mariners Cove Parkway,Male,fhalksworth8y@webeden.co.uk
323,Allegra,17,421 Warner Center,Female,ajanaway8z@umn.edu
324,Maryl,52,66 Evergreen Park,Female,mdudeney90@illinois.edu
325,Lainey,35,83519 Weeping Birch Crossing,Female,laspinell91@sitemeter.com
326,Giralda,28,8 Washington Point,Female,godoghesty92@cpanel.net
327,Miguelita,28,24215 Coleman Plaza,Female,mbowdler93@ibm.com
328,Ariel,28,0302 Vernon Terrace,Male,astanbrooke94@nhs.uk
329,Rhodia,20,49 Ludington Place,Female,rtreffry95@zimbio.com
330,Ruddie,24,3 Moulton Center,Male,rever96@umn.edu
331,Ettore,32,5 Sauthoff Street,Male,ebanyard97@cbc.ca
332,Ronnie,45,9 Schmedeman Circle,Male,rroantree98@arstechnica.com
333,Catie,55,8 Jackson Pass,Female,ccode99@bandcamp.com
334,Garold,53,39 Texas Hill,Male,ggeare9a@sina.com.cn
335,Hyatt,32,5 Kenwood Drive,Male,htarrier9b@rambler.ru
336,Ric,59,5778 Center Street,Male,rrousby9c@imdb.com
337,Fanechka,43,144 Randy Place,Female,fblaisdell9d@meetup.com
338,Lyndell,54,49 Bunting Trail,Female,lsilcocks9e@themeforest.net
339,Modesta,16,70 Namekagon Way,Female,mbeardwell9f@drupal.org
340,Sandra,28,4243 Mesta Park,Female,stroop9g@howstuffworks.com
341,Rakel,55,85679 Onsgard Alley,Female,rlucks9h@yahoo.co.jp
342,Mandie,31,1734 Sachs Circle,Female,misac9i@walmart.com
343,Northrop,42,79523 Carpenter Place,Male,nbelcham9j@samsung.com
344,Dusty,23,9648 Miller Way,Female,dsharville9k@altervista.org
345,Mikkel,44,8464 Bartillon Street,Male,measum9l@google.com
346,Sayres,56,2 Harbort Plaza,Male,sromei9m@si.edu
347,Daffi,56,17 Elgar Park,Female,dmillier9n@angelfire.com
348,Celestina,43,6 Gina Center,Female,cbalazin9o@state.gov
349,Barry,56,06562 Esker Place,Male,bverrico9p@elegantthemes.com
350,Cindee,39,0777 Green Ridge Avenue,Female,ckenway9q@wiley.com
351,Dorena,24,41 Grasskamp Terrace,Female,dcullity9r@dedecms.com
352,Lisa,56,862 Coleman Road,Female,lbuckberry9s@msn.com
353,Hailey,17,9941 7th Place,Male,hellson9t@cdc.gov
354,Heindrick,36,40 Fuller Court,Male,hjenks9u@g.co
355,Antonie,49,95490 Esch Junction,Female,apecey9v@tuttocitta.it
356,Jacquelyn,39,887 Fordem Drive,Female,jseed9w@go.com
357,Northrup,15,1214 Graedel Parkway,Male,nquaintance9x@youku.com
358,Tyler,33,2 Crownhardt Lane,Male,thadwin9y@xrea.com
359,Giorgio,35,4 Thierer Road,Male,gfrederick9z@multiply.com
360,Dorree,24,2954 Glacier Hill Lane,Female,dschlagmana0@usnews.com
361,Ase,52,396 Declaration Street,Male,alittleprouda1@columbia.edu
362,Sandy,54,17 Sunbrook Place,Male,sgiacomelloa2@ihg.com
363,Neille,44,15 North Terrace,Female,nfrittera3@patch.com
364,Lauree,21,4904 Badeau Avenue,Female,lclappa4@examiner.com
365,Gussy,37,912 Melody Parkway,Female,gtrainera5@is.gd
366,Correy,23,7592 Daystar Lane,Female,chardera6@netvibes.com
367,Manny,32,366 Daystar Pass,Male,mwyarda7@twitpic.com
368,Hilda,56,65278 Summit Street,Female,hdebnama8@oaic.gov.au
369,Farr,45,02 Lunder Plaza,Male,fhatherleya9@feedburner.com
370,Rois,37,528 Ludington Parkway,Female,rchareraa@google.com
371,Merwin,43,0 Killdeer Street,Male,mkuhlenab@samsung.com
372,Layla,13,38 Raven Plaza,Female,lgrewerac@bloglovin.com
373,Binny,50,210 Kingsford Trail,Female,bbrouad@goo.gl
374,Carleen,33,880 Cascade Crossing,Female,cmacgorleyae@europa.eu
375,Herc,28,5062 Westend Court,Male,hbowenaf@columbia.edu
376,Nicolais,43,2 Melby Pass,Male,nmcandrewag@creativecommons.org
377,Cori,34,1 Burning Wood Trail,Male,cguillotah@sakura.ne.jp
378,Marleen,48,65 Rockefeller Lane,Female,mdunabieai@google.com.br
379,Tracy,13,52580 Dorton Park,Female,tebunoluwaaj@baidu.com
380,Lanita,30,537 Clemons Point,Female,ltumilsonak@wordpress.com
381,Stacie,23,260 Schlimgen Center,Female,sorroal@tiny.cc
382,Angele,57,17 Grayhawk Pass,Female,aerwinam@ebay.com
383,Noak,51,354 Green Ridge Pass,Male,nburlingamean@scientificamerican.com
384,Dalt,60,502 Ludington Junction,Male,dscreetonao@harvard.edu
385,Casey,44,89099 Gulseth Street,Male,chumbellap@wordpress.com
386,Raeann,55,12856 Esker Plaza,Female,rellettaq@noaa.gov
387,Washington,39,78 Burrows Court,Male,wfrenschear@rambler.ru
388,Jeannine,41,77223 Thompson Hill,Female,jgriffenas@google.co.jp
389,Maressa,21,905 Laurel Trail,Female,mproughtenat@wp.com
390,Shay,14,3 Northridge Lane,Male,smillyardau@kickstarter.com
391,Sasha,37,851 Prairie Rose Drive,Female,swilflingerav@goodreads.com
392,Jacquetta,51,932 Maple Center,Female,jworsallaw@huffingtonpost.com
393,Fairlie,19,6 6th Plaza,Male,ftattamax@usda.gov
394,Ertha,38,233 Waxwing Road,Female,equenellay@prnewswire.com
395,Tom,35,3653 Westend Terrace,Male,tgiddinsaz@intel.com
396,Bordy,48,3471 Caliangt Junction,Male,bglaisnerb0@google.com.au
397,Maryjane,20,50099 Oriole Point,Female,mtamlettb1@godaddy.com
398,Chrissy,57,04 Forest Run Street,Female,cfaintb2@gov.uk
399,Zeb,41,858 Pleasure Point,Male,zsharpinb3@w3.org
400,Darin,58,95 Clyde Gallagher Avenue,Male,dfrancombb4@live.com
401,Miguela,54,89836 Alpine Road,Female,mjiggensb5@elegantthemes.com
402,Kerrill,42,905 Summer Ridge Street,Female,keudallb6@google.fr
403,Kelley,51,75 Green Terrace,Female,kpollokb7@microsoft.com
404,Sam,15,09 Melvin Alley,Male,ssteinb8@unblog.fr
405,Keary,45,2 Schlimgen Junction,Male,kccominib9@techcrunch.com
406,Urbano,26,37 Welch Place,Male,urubenfeldba@ow.ly
407,Terence,24,73 Susan Park,Male,tdetheridgebb@google.it
408,Guntar,20,02914 Schmedeman Way,Male,ggauchierbc@mozilla.com
409,Bartie,57,95 Scofield Circle,Male,bbutterisbd@is.gd
410,Carey,17,5 Lake View Lane,Male,cekebe@xinhuanet.com
411,Meredith,33,53 New Castle Point,Male,msummerhayesbf@reuters.com
412,Peggie,18,49878 Garrison Trail,Female,pkanzlerbg@lycos.com
413,Tyler,14,2 Burrows Point,Male,tkraftbh@yellowbook.com
414,Marney,15,5 Schiller Avenue,Female,mbrosnanbi@tinyurl.com
415,Della,46,237 Sullivan Point,Female,dlosanobj@yahoo.co.jp
416,Lara,39,92 Bellgrove Place,Female,ltantbk@themeforest.net
417,Wilt,57,6404 Arkansas Road,Male,wbeevorbl@marriott.com
418,Dwayne,51,5 Saint Paul Way,Male,dbloschkebm@nps.gov
419,Myrta,48,866 Union Park,Female,mshannonbn@ftc.gov
420,Christiana,24,21196 Scofield Trail,Female,cdaddabo@virginia.edu
421,Brandtr,47,46597 Chinook Place,Male,bsnozzwellbp@uol.com.br
422,Putnem,22,7 Becker Junction,Male,pkamenabq@ihg.com
423,Vicky,53,453 Vidon Center,Female,vpattonbr@businesswire.com
424,Kaylil,47,460 Northfield Road,Female,kmeddbs@cornell.edu
425,Delmer,31,2 Onsgard Pass,Male,dboarbt@psu.edu
426,Jennilee,35,7 Bartelt Circle,Female,jdynebu@nba.com
427,Cal,54,78548 Rutledge Junction,Female,cstocklebv@github.io
428,Patrizius,19,62684 Corscot Crossing,Male,payliffebw@sitemeter.com
429,Cherry,46,2 Orin Street,Female,ccarvillabx@digg.com
430,Clarence,14,6972 Lunder Park,Male,citzhakiby@multiply.com
431,Wiatt,24,9977 Ridgeway Hill,Male,wdavsonbz@tripadvisor.com
432,Jacky,12,65966 Loftsgordon Crossing,Female,jferrandezc0@digg.com
433,Marci,39,71546 Merchant Place,Female,mrichingsc1@wiley.com
434,Kasey,47,434 Iowa Plaza,Female,kdiwellc2@ucla.edu
435,Diarmid,22,41662 Schmedeman Avenue,Male,dvanbrugc3@liveinternet.ru
436,Maxy,38,78 Annamark Terrace,Male,mmchughc4@sbwire.com
437,Brina,42,60 Continental Pass,Female,bwastellc5@oracle.com
438,Erwin,14,3 Westport Drive,Male,etamplingc6@csmonitor.com
439,Nickolas,34,4920 Buena Vista Court,Male,ntetlac7@theguardian.com
440,Bibi,36,25 Hagan Trail,Female,bashardc8@google.pl
441,Craggy,49,91144 Westend Hill,Male,cwoolhamc9@51.la
442,Guillaume,51,4008 Merrick Crossing,Male,gdoolyca@wikimedia.org
443,Aldrich,56,3929 Canary Lane,Male,akalkercb@purevolume.com
444,Tobias,15,12 Moose Lane,Male,tmclugaishcc@google.de
445,Auberon,49,62 Cascade Place,Male,arathkecd@telegraph.co.uk
446,Beale,39,0 Hallows Plaza,Male,bespinayce@tinypic.com
447,Earvin,38,4 Grover Hill,Male,edandcf@google.ca
448,Shirlene,13,5 Sherman Alley,Female,sdowniecg@mozilla.com
449,Glennis,51,64 Dapin Way,Female,gbinningch@marriott.com
450,Cosme,43,1 8th Court,Male,clambellci@deviantart.com
451,Tami,19,6226 Bunting Terrace,Female,tvezeycj@comsenz.com
452,Glynn,55,24 Norway Maple Road,Male,gcoppenck@npr.org
453,Lisle,20,90497 Luster Terrace,Male,lwarhurstcl@aboutads.info
454,Anthea,13,20 Arizona Pass,Female,akitleecm@biglobe.ne.jp
455,Kip,49,552 Garrison Place,Male,kpenniallcn@last.fm
456,Analise,14,45 Hooker Point,Female,aleiboldco@fc2.com
457,Rodrigo,12,16336 Saint Paul Court,Male,rbassoncp@symantec.com
458,Andrea,50,580 Swallow Plaza,Male,amaffuccicq@google.co.uk
459,Kynthia,18,1 Alpine Street,Female,kkolyagincr@springer.com
460,Fancy,38,0 Judy Way,Female,fphelitcs@example.com
461,Cornelius,39,0 Anthes Junction,Male,csedmanct@feedburner.com
462,Lalo,12,2 Stone Corner Circle,Male,lholleycu@reference.com
463,Cheri,27,56530 American Plaza,Female,chartfordcv@fda.gov
464,Lily,51,575 Roth Lane,Female,lebournecw@usgs.gov
465,Haywood,56,936 Rowland Lane,Male,hradmercx@salon.com
466,Stafani,51,0 Buell Avenue,Female,sedmundcy@unblog.fr
467,Adamo,23,95 Anhalt Park,Male,aluebbertcz@theglobeandmail.com
468,Danni,15,91 Barnett Junction,Female,dcatchpoled0@digg.com
469,Martina,37,2 Center Way,Female,mlippod1@biglobe.ne.jp
470,Jillene,51,3 Marquette Place,Female,jlasseterd2@unicef.org
471,Helen-elizabeth,18,515 Jenifer Circle,Female,hdayleyd3@mysql.com
472,Annora,21,6501 Farragut Center,Female,aclinesd4@symantec.com
473,Bryana,49,859 Banding Point,Female,bmcguired5@telegraph.co.uk
474,Zilvia,56,603 Melrose Parkway,Female,zpinardd6@illinois.edu
475,Scotti,36,230 Northwestern Place,Male,sdomercd7@hp.com
476,Carrissa,51,59977 Thompson Terrace,Female,cmacmenamyd8@umn.edu
477,Jesse,16,6 Southridge Street,Male,jcopnelld9@dot.gov
478,Jacklin,22,4 Bartillon Drive,Female,jtullotda@t.co
479,Ruperta,36,11282 Pierstorff Plaza,Female,rironsdb@w3.org
480,Barrie,18,59450 Fieldstone Point,Male,bstirmandc@fastcompany.com
481,Clemens,25,16182 Hermina Park,Male,cearrydd@tripadvisor.com
482,Neron,12,625 Johnson Plaza,Male,nscoulerde@t.co
483,Marlowe,53,20 Laurel Road,Male,mneisingdf@va.gov
484,Sherwynd,16,8917 Vernon Alley,Male,slaphorndg@fda.gov
485,Martainn,26,55 Bartelt Center,Male,mkopferdh@geocities.com
486,Mohammed,14,20 Hoard Drive,Male,mcrumbiedi@deviantart.com
487,Brooke,47,2679 La Follette Plaza,Male,biacovinidj@cnet.com
488,Marje,12,3 Stoughton Avenue,Female,mskusedk@istockphoto.com
489,Kent,55,56927 Straubel Lane,Male,kfingletondl@webeden.co.uk
490,Lexie,26,65820 Heath Parkway,Female,lalbindm@nymag.com
491,Robinette,12,7 Comanche Place,Female,rdowdadn@washington.edu
492,Antin,59,36257 Susan Trail,Male,ateatherdo@marriott.com
493,Chuck,38,57 Fallview Lane,Male,cheindrickdp@altervista.org
494,Nickie,32,44509 Waubesa Terrace,Male,nmcaughtrydq@networksolutions.com
495,Sibyl,46,66 Maple Wood Court,Female,sgaitleydr@narod.ru
496,Cleavland,33,096 Bluejay Crossing,Male,ccarderds@sohu.com
497,Ninon,36,1094 Namekagon Point,Female,noconnelldt@miibeian.gov.cn
498,Arlinda,24,5732 Kennedy Place,Female,aakermandu@reddit.com
499,Nissa,23,3005 Kinsman Parkway,Female,nshakeladydv@epa.gov
